-- MySQL dump 10.13  Distrib 5.5.38, for debian-linux-gnu (x86_64)
--
-- Host: localhost    Database: 1501_252_condominium
-- ------------------------------------------------------
-- Server version	5.5.38-0ubuntu0.14.04.1

/*!40101 SET @OLD_CHARACTER_SET_CLIENT=@@CHARACTER_SET_CLIENT */;
/*!40101 SET @OLD_CHARACTER_SET_RESULTS=@@CHARACTER_SET_RESULTS */;
/*!40101 SET @OLD_COLLATION_CONNECTION=@@COLLATION_CONNECTION */;
/*!40101 SET NAMES utf8 */;
/*!40103 SET @OLD_TIME_ZONE=@@TIME_ZONE */;
/*!40103 SET TIME_ZONE='+00:00' */;
/*!40014 SET @OLD_UNIQUE_CHECKS=@@UNIQUE_CHECKS, UNIQUE_CHECKS=0 */;
/*!40014 SET @OLD_FOREIGN_KEY_CHECKS=@@FOREIGN_KEY_CHECKS, FOREIGN_KEY_CHECKS=0 */;
/*!40101 SET @OLD_SQL_MODE=@@SQL_MODE, SQL_MODE='NO_AUTO_VALUE_ON_ZERO' */;
/*!40111 SET @OLD_SQL_NOTES=@@SQL_NOTES, SQL_NOTES=0 */;

--
-- Table structure for table `articles`
--

DROP TABLE IF EXISTS `articles`;
/*!40101 SET @saved_cs_client     = @@character_set_client */;
/*!40101 SET character_set_client = utf8 */;
CREATE TABLE `articles` (
  `id` int(11) NOT NULL AUTO_INCREMENT,
  `title` varchar(255) COLLATE utf8_unicode_ci DEFAULT NULL,
  `description` text COLLATE utf8_unicode_ci,
  `published_date` date DEFAULT NULL,
  `article_file_name` varchar(255) COLLATE utf8_unicode_ci DEFAULT NULL,
  `article_content_type` varchar(255) COLLATE utf8_unicode_ci DEFAULT NULL,
  `article_file_size` int(11) DEFAULT NULL,
  `article_updated_at` datetime DEFAULT NULL,
  `created_at` datetime DEFAULT NULL,
  `updated_at` datetime DEFAULT NULL,
  `update_section` tinyint(1) DEFAULT '0',
  `detail_section` tinyint(1) DEFAULT '0',
  PRIMARY KEY (`id`)
) ENGINE=InnoDB DEFAULT CHARSET=utf8 COLLATE=utf8_unicode_ci;
/*!40101 SET character_set_client = @saved_cs_client */;

--
-- Dumping data for table `articles`
--

LOCK TABLES `articles` WRITE;
/*!40000 ALTER TABLE `articles` DISABLE KEYS */;
/*!40000 ALTER TABLE `articles` ENABLE KEYS */;
UNLOCK TABLES;

--
-- Table structure for table `change_logs`
--

DROP TABLE IF EXISTS `change_logs`;
/*!40101 SET @saved_cs_client     = @@character_set_client */;
/*!40101 SET character_set_client = utf8 */;
CREATE TABLE `change_logs` (
  `id` int(11) NOT NULL AUTO_INCREMENT,
  `who` varchar(255) COLLATE utf8_unicode_ci DEFAULT NULL,
  `action` varchar(255) COLLATE utf8_unicode_ci DEFAULT NULL,
  `object_type` varchar(255) COLLATE utf8_unicode_ci DEFAULT NULL,
  `object_id` int(11) DEFAULT NULL,
  `object_name` varchar(255) COLLATE utf8_unicode_ci DEFAULT NULL,
  `for_admin` tinyint(1) DEFAULT NULL,
  `object_serialized` text COLLATE utf8_unicode_ci,
  `object_delta` text COLLATE utf8_unicode_ci,
  `created_at` datetime DEFAULT NULL,
  `updated_at` datetime DEFAULT NULL,
  PRIMARY KEY (`id`)
) ENGINE=InnoDB AUTO_INCREMENT=69 DEFAULT CHARSET=utf8 COLLATE=utf8_unicode_ci;
/*!40101 SET character_set_client = @saved_cs_client */;

--
-- Dumping data for table `change_logs`
--

LOCK TABLES `change_logs` WRITE;
/*!40000 ALTER TABLE `change_logs` DISABLE KEYS */;
INSERT INTO `change_logs` VALUES (7,'co-op@252e57.com','changed','FloorPlan',80,'42A',NULL,'---\nid: 80\nresidence: 42A\nprice: 5750000.0\nbedrooms: 3\nbathrooms: 3.5\nadditions: \'\'\nindoor_sq_ft: 2198.0\nindoor_sq_m: 204.2\noutdoor_sq_ft: 70.0\noutdoor_sq_m: 6.49\ncommon_charges: 4289.0\nmonthly_total: 6235.0\npilot: \'1946\'\navaliable_general: true\navaliable_admins: true\nplan_file_name: 252_digifp_36a_090314_9.pdf\nplan_content_type: application/pdf\nplan_file_size: 698519\nplan_updated_at: 2014-09-05 15:52:41.000000000 Z\ncreated_at: 2014-09-05 15:52:41.000000000 Z\nupdated_at: 2014-09-09 21:47:45.901240997 Z\n',NULL,'2014-09-09 21:47:45','2014-09-09 21:47:45'),(8,'co-op@252e57.com','changed','FloorPlan',81,'42B',NULL,'---\nid: 81\nresidence: 42B\nprice: 4195000.0\nbedrooms: 2\nbathrooms: 2.5\nadditions: \'\'\nindoor_sq_ft: 1750.0\nindoor_sq_m: 162.58\noutdoor_sq_ft: 0.0\noutdoor_sq_m: 0.0\ncommon_charges: 3388.0\nmonthly_total: 4925.0\npilot: \'1537\'\navaliable_general: true\navaliable_admins: true\nplan_file_name: 252_digifp_36a_090314_10.pdf\nplan_content_type: application/pdf\nplan_file_size: 495826\nplan_updated_at: 2014-09-05 15:56:21.000000000 Z\ncreated_at: 2014-09-05 15:56:21.000000000 Z\nupdated_at: 2014-09-09 21:47:58.294814661 Z\n',NULL,'2014-09-09 21:47:58','2014-09-09 21:47:58'),(9,'co-op@252e57.com','changed','FloorPlan',82,'42C',NULL,'---\nid: 82\nresidence: 42C\nprice: 5750000.0\nbedrooms: 3\nbathrooms: 3.5\nadditions: \'\'\nindoor_sq_ft: 2196.0\nindoor_sq_m: 204.01\noutdoor_sq_ft: 70.0\noutdoor_sq_m: 6.49\ncommon_charges: 4286.0\nmonthly_total: 6230.0\npilot: \'1944\'\navaliable_general: true\navaliable_admins: true\nplan_file_name: 252_digifp_36a_090314_11.pdf\nplan_content_type: application/pdf\nplan_file_size: 701331\nplan_updated_at: 2014-09-05 16:10:02.000000000 Z\ncreated_at: 2014-09-05 16:10:02.000000000 Z\nupdated_at: 2014-09-09 21:48:13.902431156 Z\n',NULL,'2014-09-09 21:48:13','2014-09-09 21:48:13'),(10,'co-op@252e57.com','changed','FloorPlan',83,'42D',NULL,'---\nid: 83\nresidence: 42D\nprice: 4195000.0\nbedrooms: 2\nbathrooms: 2.5\nadditions: \'\'\nindoor_sq_ft: 1742.0\nindoor_sq_m: 161.83\noutdoor_sq_ft: 0.0\noutdoor_sq_m: 0.0\ncommon_charges: 3373.0\nmonthly_total: 4903.0\npilot: \'1530\'\navaliable_general: true\navaliable_admins: true\nplan_file_name: 252_digifp_36a_090314_12.pdf\nplan_content_type: application/pdf\nplan_file_size: 634957\nplan_updated_at: 2014-09-05 16:18:03.000000000 Z\ncreated_at: 2014-09-05 16:18:03.000000000 Z\nupdated_at: 2014-09-09 21:48:23.904222819 Z\n',NULL,'2014-09-09 21:48:23','2014-09-09 21:48:23'),(11,'co-op@252e57.com','changed','FloorPlan',84,'43A',NULL,'---\nid: 84\nresidence: 43A\nprice: 5810000.0\nbedrooms: 3\nbathrooms: 3.5\nadditions: \'\'\nindoor_sq_ft: 2197.0\nindoor_sq_m: 204.11\noutdoor_sq_ft: 71.0\noutdoor_sq_m: 6.61\ncommon_charges: 4290.0\nmonthly_total: 6236.0\npilot: \'1946\'\navaliable_general: true\navaliable_admins: true\nplan_file_name: 252_digifp_36a_090314_9.pdf\nplan_content_type: application/pdf\nplan_file_size: 698519\nplan_updated_at: 2014-09-05 16:24:12.000000000 Z\ncreated_at: 2014-09-05 16:24:12.000000000 Z\nupdated_at: 2014-09-09 21:48:37.359433938 Z\n',NULL,'2014-09-09 21:48:37','2014-09-09 21:48:37'),(12,'co-op@252e57.com','changed','FloorPlan',85,'43B',NULL,'---\nid: 85\nresidence: 43B\nprice: 4240000.0\nbedrooms: 2\nbathrooms: 2.5\nadditions: \'\'\nindoor_sq_ft: 1749.0\nindoor_sq_m: 162.45\noutdoor_sq_ft: 0.0\noutdoor_sq_m: 0.0\ncommon_charges: 3388.0\nmonthly_total: 4925.0\npilot: \'1537\'\navaliable_general: true\navaliable_admins: true\nplan_file_name: 252_digifp_36a_090314_10.pdf\nplan_content_type: application/pdf\nplan_file_size: 495826\nplan_updated_at: 2014-09-05 17:40:58.000000000 Z\ncreated_at: 2014-09-05 17:40:58.000000000 Z\nupdated_at: 2014-09-09 21:48:52.393489644 Z\n',NULL,'2014-09-09 21:48:52','2014-09-09 21:48:52'),(13,'co-op@252e57.com','changed','FloorPlan',86,'51A',NULL,'---\nid: 86\nresidence: 51A\nprice: 8350000.0\nbedrooms: 3\nbathrooms: 3.5\nadditions: \'\'\nindoor_sq_ft: 2626.0\nindoor_sq_m: 243.96\noutdoor_sq_ft: 81.0\noutdoor_sq_m: 7.55\ncommon_charges: 5146.0\nmonthly_total: 7481.0\npilot: \'2335\'\navaliable_general: true\navaliable_admins: true\nplan_file_name: 252_digifp_51a_090314_1.pdf\nplan_content_type: application/pdf\nplan_file_size: 547050\nplan_updated_at: 2014-09-05 17:43:08.000000000 Z\ncreated_at: 2014-09-05 17:43:08.000000000 Z\nupdated_at: 2014-09-09 21:49:04.293638670 Z\n',NULL,'2014-09-09 21:49:04','2014-09-09 21:49:04'),(14,'co-op@252e57.com','changed','FloorPlan',88,'51C',NULL,'---\nid: 88\nresidence: 51C\nprice: 9350000.0\nbedrooms: 3\nbathrooms: 3.5\nadditions: \'\'\nindoor_sq_ft: 3054.0\nindoor_sq_m: 283.72\noutdoor_sq_ft: 81.0\noutdoor_sq_m: 7.55\ncommon_charges: 5979.0\nmonthly_total: 8691.0\npilot: \'2712\'\navaliable_general: true\navaliable_admins: true\nplan_file_name: 252_digifp_51a_090314_3.pdf\nplan_content_type: application/pdf\nplan_file_size: 568778\nplan_updated_at: 2014-09-05 17:51:18.000000000 Z\ncreated_at: 2014-09-05 17:51:19.000000000 Z\nupdated_at: 2014-09-09 21:49:35.004572889 Z\n',NULL,'2014-09-09 21:49:35','2014-09-09 21:49:35'),(15,'co-op@252e57.com','changed','FloorPlan',90,'60B',NULL,'---\nid: 90\nresidence: 60B\nprice: 13150000.0\nbedrooms: 4\nbathrooms: 4.5\nadditions: \'\'\nindoor_sq_ft: 3338.0\nindoor_sq_m: 310.1\noutdoor_sq_ft: 94.0\noutdoor_sq_m: 8.71\ncommon_charges: 6567.0\nmonthly_total: 9546.0\npilot: \'2979\'\navaliable_general: true\navaliable_admins: true\nplan_file_name: 252_digifp_51a_090314_12.pdf\nplan_content_type: application/pdf\nplan_file_size: 579882\nplan_updated_at: 2014-09-05 18:06:39.000000000 Z\ncreated_at: 2014-09-05 18:06:39.000000000 Z\nupdated_at: 2014-09-09 21:49:44.192484290 Z\n',NULL,'2014-09-09 21:49:44','2014-09-09 21:49:44'),(16,'co-op@252e57.com','changed','FloorPlan',89,'58A',NULL,'---\nid: 89\nresidence: 58A\nprice: 21250000.0\nbedrooms: 5\nbathrooms: 5.5\nadditions: \'\'\nindoor_sq_ft: 5242.0\nindoor_sq_m: 486.98\noutdoor_sq_ft: 182.0\noutdoor_sq_m: 16.86\ncommon_charges: 10319.0\nmonthly_total: 15000.0\npilot: \'4681\'\navaliable_general: true\navaliable_admins: true\nplan_file_name: 252_digifp_51a_090314_9.pdf\nplan_content_type: application/pdf\nplan_file_size: 790276\nplan_updated_at: 2014-09-08 17:27:19.000000000 Z\ncreated_at: 2014-09-05 18:05:09.000000000 Z\nupdated_at: 2014-09-09 21:49:51.774456774 Z\n',NULL,'2014-09-09 21:49:51','2014-09-09 21:49:51'),(17,'co-op@252e57.com','changed','Gallery',6,'Gallery_090814',NULL,'---\nid: 6\ntitle: Gallery_090814\npublic_available: true\nupdate_section: false\nneighborhood_ava: true\nprivate_available: false\nthumbnail_file_name: \nthumbnail_content_type: \nthumbnail_file_size: \nthumbnail_updated_at: \ncreated_at: 2014-09-04 15:19:42.000000000 Z\nupdated_at: 2014-09-09 14:53:56.000000000 Z\npublished_date: 2014-09-08\n',NULL,'2014-09-09 21:52:14','2014-09-09 21:52:14'),(18,'co-op@252e57.com','changed','Gallery',6,'Gallery_090814',NULL,'---\nid: 6\ntitle: Gallery_090814\npublic_available: false\nupdate_section: false\nneighborhood_ava: true\nprivate_available: false\nthumbnail_file_name: \nthumbnail_content_type: \nthumbnail_file_size: \nthumbnail_updated_at: \ncreated_at: 2014-09-04 15:19:42.000000000 Z\nupdated_at: 2014-09-09 21:52:16.891882123 Z\npublished_date: 2014-09-08\n',NULL,'2014-09-09 21:52:16','2014-09-09 21:52:16'),(19,'co-op@252e57.com','changed','Gallery',6,'Gallery_090814',NULL,'---\nid: 6\ntitle: Gallery_090814\npublic_available: true\nupdate_section: false\nneighborhood_ava: true\nprivate_available: false\nthumbnail_file_name: \nthumbnail_content_type: \nthumbnail_file_size: \nthumbnail_updated_at: \ncreated_at: 2014-09-04 15:19:42.000000000 Z\nupdated_at: 2014-09-09 14:53:56.000000000 Z\npublished_date: 2014-09-08\n',NULL,'2014-09-09 21:52:16','2014-09-09 21:52:16'),(20,'co-op@252e57.com','changed','Gallery',6,'Gallery_090814',NULL,'---\nid: 6\ntitle: Gallery_090814\npublic_available: true\nupdate_section: false\nneighborhood_ava: true\nprivate_available: false\nthumbnail_file_name: \nthumbnail_content_type: \nthumbnail_file_size: \nthumbnail_updated_at: \ncreated_at: 2014-09-04 15:19:42.000000000 Z\nupdated_at: 2014-09-09 21:52:57.734931110 Z\npublished_date: 2014-09-08\n',NULL,'2014-09-09 21:52:57','2014-09-09 21:52:57'),(21,'co-op@252e57.com','changed','Gallery',6,'Gallery_090814',NULL,'---\nid: 6\ntitle: Gallery_090814\npublic_available: false\nupdate_section: false\nneighborhood_ava: true\nprivate_available: false\nthumbnail_file_name: \nthumbnail_content_type: \nthumbnail_file_size: \nthumbnail_updated_at: \ncreated_at: 2014-09-04 15:19:42.000000000 Z\nupdated_at: 2014-09-09 21:54:54.927739323 Z\npublished_date: 2014-09-08\n',NULL,'2014-09-09 21:54:54','2014-09-09 21:54:54'),(22,'co-op@252e57.com','changed','Gallery',6,'Gallery_090814',NULL,'---\nid: 6\ntitle: Gallery_090814\npublic_available: true\nupdate_section: false\nneighborhood_ava: true\nprivate_available: false\nthumbnail_file_name: \nthumbnail_content_type: \nthumbnail_file_size: \nthumbnail_updated_at: \ncreated_at: 2014-09-04 15:19:42.000000000 Z\nupdated_at: 2014-09-09 21:52:57.000000000 Z\npublished_date: 2014-09-08\n',NULL,'2014-09-09 21:54:54','2014-09-09 21:54:54'),(23,'co-op@252e57.com','changed','Gallery',6,'Gallery_090814',NULL,'---\nid: 6\ntitle: Gallery_090814\npublic_available: true\nupdate_section: false\nneighborhood_ava: true\nprivate_available: false\nthumbnail_file_name: \nthumbnail_content_type: \nthumbnail_file_size: \nthumbnail_updated_at: \ncreated_at: 2014-09-04 15:19:42.000000000 Z\nupdated_at: 2014-09-09 22:01:17.093747853 Z\npublished_date: 2014-09-08\n',NULL,'2014-09-09 22:01:17','2014-09-09 22:01:17'),(24,'co-op@252e57.com','removed','FloorPlan',84,'43A',NULL,'---\nid: 84\nresidence: 43A\nprice: 5810000.0\nbedrooms: 3\nbathrooms: 3.5\nadditions: \'\'\nindoor_sq_ft: 2197.0\nindoor_sq_m: 204.11\noutdoor_sq_ft: 71.0\noutdoor_sq_m: 6.61\ncommon_charges: 4290.0\nmonthly_total: 6236.0\npilot: \'1946\'\navaliable_general: true\navaliable_admins: true\nplan_file_name: 252_digifp_36a_090314_9.pdf\nplan_content_type: application/pdf\nplan_file_size: 698519\nplan_updated_at: 2014-09-05 16:24:12.000000000 Z\ncreated_at: 2014-09-05 16:24:12.000000000 Z\nupdated_at: 2014-09-09 21:48:37.000000000 Z\n','---\nid: 84\nresidence: 43A\nprice: 5810000.0\nbedrooms: 3\nbathrooms: 3.5\nadditions: \'\'\nindoor_sq_ft: 2197.0\nindoor_sq_m: 204.11\noutdoor_sq_ft: 71.0\noutdoor_sq_m: 6.61\ncommon_charges: 4290.0\nmonthly_total: 6236.0\npilot: \'1946\'\navaliable_general: true\navaliable_admins: true\nplan_file_name: 252_digifp_36a_090314_9.pdf\nplan_content_type: application/pdf\nplan_file_size: 698519\nplan_updated_at: 2014-09-05 16:24:12.000000000 Z\ncreated_at: 2014-09-05 16:24:12.000000000 Z\nupdated_at: 2014-09-09 21:48:37.000000000 Z\n','2014-09-10 19:25:33','2014-09-10 19:25:33'),(25,'co-op@252e57.com','removed','FloorPlan',85,'43B',NULL,'---\nid: 85\nresidence: 43B\nprice: 4240000.0\nbedrooms: 2\nbathrooms: 2.5\nadditions: \'\'\nindoor_sq_ft: 1749.0\nindoor_sq_m: 162.45\noutdoor_sq_ft: 0.0\noutdoor_sq_m: 0.0\ncommon_charges: 3388.0\nmonthly_total: 4925.0\npilot: \'1537\'\navaliable_general: true\navaliable_admins: true\nplan_file_name: 252_digifp_36a_090314_10.pdf\nplan_content_type: application/pdf\nplan_file_size: 495826\nplan_updated_at: 2014-09-05 17:40:58.000000000 Z\ncreated_at: 2014-09-05 17:40:58.000000000 Z\nupdated_at: 2014-09-09 21:48:52.000000000 Z\n','---\nid: 85\nresidence: 43B\nprice: 4240000.0\nbedrooms: 2\nbathrooms: 2.5\nadditions: \'\'\nindoor_sq_ft: 1749.0\nindoor_sq_m: 162.45\noutdoor_sq_ft: 0.0\noutdoor_sq_m: 0.0\ncommon_charges: 3388.0\nmonthly_total: 4925.0\npilot: \'1537\'\navaliable_general: true\navaliable_admins: true\nplan_file_name: 252_digifp_36a_090314_10.pdf\nplan_content_type: application/pdf\nplan_file_size: 495826\nplan_updated_at: 2014-09-05 17:40:58.000000000 Z\ncreated_at: 2014-09-05 17:40:58.000000000 Z\nupdated_at: 2014-09-09 21:48:52.000000000 Z\n','2014-09-10 19:25:39','2014-09-10 19:25:39'),(26,'co-op@252e57.com','changed','Gallery',6,'Gallery_090814',NULL,'---\nid: 6\ntitle: Gallery_090814\npublic_available: true\nupdate_section: false\nneighborhood_ava: true\nprivate_available: false\nthumbnail_file_name: \nthumbnail_content_type: \nthumbnail_file_size: \nthumbnail_updated_at: \ncreated_at: 2014-09-04 15:19:42.000000000 Z\nupdated_at: 2014-09-09 22:01:17.000000000 Z\npublished_date: 2014-09-08\n',NULL,'2014-09-12 17:44:21','2014-09-12 17:44:21'),(27,'co-op@252e57.com','changed','Gallery',6,'Gallery_090814',NULL,'---\nid: 6\ntitle: Gallery_090814\npublic_available: false\nupdate_section: false\nneighborhood_ava: true\nprivate_available: false\nthumbnail_file_name: \nthumbnail_content_type: \nthumbnail_file_size: \nthumbnail_updated_at: \ncreated_at: 2014-09-04 15:19:42.000000000 Z\nupdated_at: 2014-09-12 17:44:26.787650707 Z\npublished_date: 2014-09-08\n',NULL,'2014-09-12 17:44:26','2014-09-12 17:44:26'),(28,'co-op@252e57.com','changed','Gallery',6,'Gallery_090814',NULL,'---\nid: 6\ntitle: Gallery_090814\npublic_available: true\nupdate_section: false\nneighborhood_ava: true\nprivate_available: false\nthumbnail_file_name: \nthumbnail_content_type: \nthumbnail_file_size: \nthumbnail_updated_at: \ncreated_at: 2014-09-04 15:19:42.000000000 Z\nupdated_at: 2014-09-09 22:01:17.000000000 Z\npublished_date: 2014-09-08\n',NULL,'2014-09-12 17:44:26','2014-09-12 17:44:26'),(29,'co-op@252e57.com','changed','Gallery',1,'Public Gallery',NULL,'---\nid: 1\ntitle: Public Gallery\npublic_available: true\nupdate_section: false\nneighborhood_ava: false\nprivate_available: false\nthumbnail_file_name: \nthumbnail_content_type: \nthumbnail_file_size: \nthumbnail_updated_at: \ncreated_at: 2014-07-28 20:31:32.000000000 Z\nupdated_at: 2014-09-12 17:44:31.868707135 Z\npublished_date: 2014-08-28\n',NULL,'2014-09-12 17:44:31','2014-09-12 17:44:31'),(30,'co-op@252e57.com','changed','Gallery',1,'Public Gallery',NULL,'---\nid: 1\ntitle: Public Gallery\npublic_available: false\nupdate_section: false\nneighborhood_ava: false\nprivate_available: false\nthumbnail_file_name: \nthumbnail_content_type: \nthumbnail_file_size: \nthumbnail_updated_at: \ncreated_at: 2014-07-28 20:31:32.000000000 Z\nupdated_at: 2014-09-12 17:44:35.068863853 Z\npublished_date: 2014-08-28\n',NULL,'2014-09-12 17:44:35','2014-09-12 17:44:35'),(31,'co-op@252e57.com','changed','Gallery',6,'Gallery_090814',NULL,'---\nid: 6\ntitle: Gallery_090814\npublic_available: true\nupdate_section: false\nneighborhood_ava: true\nprivate_available: false\nthumbnail_file_name: \nthumbnail_content_type: \nthumbnail_file_size: \nthumbnail_updated_at: \ncreated_at: 2014-09-04 15:19:42.000000000 Z\nupdated_at: 2014-09-12 17:44:35.219518238 Z\npublished_date: 2014-09-08\n',NULL,'2014-09-12 17:44:35','2014-09-12 17:44:35'),(32,'co-op@252e57.com','changed','FloorPlan',76,'37A',NULL,'---\nid: 76\nresidence: 37A\nprice: 4925000.0\nbedrooms: 3\nbathrooms: 3.0\nadditions: \'\'\nindoor_sq_ft: 2016.0\nindoor_sq_m: 187.29\noutdoor_sq_ft: 63.0\noutdoor_sq_m: 5.89\ncommon_charges: 3924.0\nmonthly_total: 5704.0\npilot: \'1780\'\navaliable_general: true\navaliable_admins: true\nplan_file_name: 252_floorplan_37A.pdf\nplan_content_type: application/pdf\nplan_file_size: 538319\nplan_updated_at: 2014-09-17 19:45:23.691623432 Z\ncreated_at: 2014-09-05 15:24:44.000000000 Z\nupdated_at: 2014-09-17 19:45:24.385020118 Z\n',NULL,'2014-09-17 19:45:24','2014-09-17 19:45:24'),(33,'co-op@252e57.com','changed','FloorPlan',77,'37B',NULL,'---\nid: 77\nresidence: 37B\nprice: 4735000.0\nbedrooms: 3\nbathrooms: 3.0\nadditions: \'\'\nindoor_sq_ft: 1929.0\nindoor_sq_m: 179.19\noutdoor_sq_ft: 0.0\noutdoor_sq_m: 0.0\ncommon_charges: 3725.0\nmonthly_total: 5415.0\npilot: \'1690\'\navaliable_general: true\navaliable_admins: true\nplan_file_name: 252_floorplan_37B.pdf\nplan_content_type: application/pdf\nplan_file_size: 667719\nplan_updated_at: 2014-09-17 19:45:36.138235217 Z\ncreated_at: 2014-09-05 15:26:51.000000000 Z\nupdated_at: 2014-09-17 19:45:36.610992149 Z\n',NULL,'2014-09-17 19:45:36','2014-09-17 19:45:36'),(34,'co-op@252e57.com','changed','FloorPlan',78,'37C',NULL,'---\nid: 78\nresidence: 37C\nprice: 4925000.0\nbedrooms: 3\nbathrooms: 3.0\nadditions: \'\'\nindoor_sq_ft: 2013.0\nindoor_sq_m: 187.03\noutdoor_sq_ft: 63.0\noutdoor_sq_m: 5.89\ncommon_charges: 3918.0\nmonthly_total: 5696.0\npilot: \'1778\'\navaliable_general: true\navaliable_admins: true\nplan_file_name: 252_floorplan_37C.pdf\nplan_content_type: application/pdf\nplan_file_size: 698214\nplan_updated_at: 2014-09-17 19:45:47.632511664 Z\ncreated_at: 2014-09-05 15:29:04.000000000 Z\nupdated_at: 2014-09-17 19:45:48.098107214 Z\n',NULL,'2014-09-17 19:45:48','2014-09-17 19:45:48'),(35,'co-op@252e57.com','changed','FloorPlan',79,'37D',NULL,'---\nid: 79\nresidence: 37D\nprice: 4735000.0\nbedrooms: 3\nbathrooms: 3.0\nadditions: \'\'\nindoor_sq_ft: 1931.0\nindoor_sq_m: 179.37\noutdoor_sq_ft: 0.0\noutdoor_sq_m: 0.0\ncommon_charges: 3729.0\nmonthly_total: 5421.0\npilot: \'1692\'\navaliable_general: true\navaliable_admins: true\nplan_file_name: 252_floorplan_37D.pdf\nplan_content_type: application/pdf\nplan_file_size: 661955\nplan_updated_at: 2014-09-17 19:46:01.998831713 Z\ncreated_at: 2014-09-05 15:50:32.000000000 Z\nupdated_at: 2014-09-17 19:46:02.469617204 Z\n',NULL,'2014-09-17 19:46:02','2014-09-17 19:46:02'),(36,'co-op@252e57.com','changed','FloorPlan',79,'37D',NULL,'---\nid: 79\nresidence: 37D\nprice: 4735000.0\nbedrooms: 3\nbathrooms: 3.0\nadditions: \'\'\nindoor_sq_ft: 1931.0\nindoor_sq_m: 179.37\noutdoor_sq_ft: 0.0\noutdoor_sq_m: 0.0\ncommon_charges: 3729.0\nmonthly_total: 5421.0\npilot: \'1692\'\navaliable_general: true\navaliable_admins: true\nplan_file_name: 252_floorplan_37D.pdf\nplan_content_type: application/pdf\nplan_file_size: 661955\nplan_updated_at: 2014-09-17 19:48:17.786519458 Z\ncreated_at: 2014-09-05 15:50:32.000000000 Z\nupdated_at: 2014-09-17 19:48:18.301314233 Z\n',NULL,'2014-09-17 19:48:18','2014-09-17 19:48:18'),(37,'co-op@252e57.com','changed','FloorPlan',80,'42A',NULL,'---\nid: 80\nresidence: 42A\nprice: 5750000.0\nbedrooms: 3\nbathrooms: 3.5\nadditions: \'\'\nindoor_sq_ft: 2198.0\nindoor_sq_m: 204.2\noutdoor_sq_ft: 70.0\noutdoor_sq_m: 6.49\ncommon_charges: 4289.0\nmonthly_total: 6235.0\npilot: \'1946\'\navaliable_general: true\navaliable_admins: true\nplan_file_name: 252_floorplan_42A.pdf\nplan_content_type: application/pdf\nplan_file_size: 698519\nplan_updated_at: 2014-09-17 19:48:32.727556432 Z\ncreated_at: 2014-09-05 15:52:41.000000000 Z\nupdated_at: 2014-09-17 19:48:33.185757633 Z\n',NULL,'2014-09-17 19:48:33','2014-09-17 19:48:33'),(38,'co-op@252e57.com','changed','FloorPlan',81,'42B',NULL,'---\nid: 81\nresidence: 42B\nprice: 4195000.0\nbedrooms: 2\nbathrooms: 2.5\nadditions: \'\'\nindoor_sq_ft: 1750.0\nindoor_sq_m: 162.58\noutdoor_sq_ft: 0.0\noutdoor_sq_m: 0.0\ncommon_charges: 3388.0\nmonthly_total: 4925.0\npilot: \'1537\'\navaliable_general: true\navaliable_admins: true\nplan_file_name: 252_floorplan_42B.pdf\nplan_content_type: application/pdf\nplan_file_size: 495826\nplan_updated_at: 2014-09-17 19:48:44.635058467 Z\ncreated_at: 2014-09-05 15:56:21.000000000 Z\nupdated_at: 2014-09-17 19:48:45.120334662 Z\n',NULL,'2014-09-17 19:48:45','2014-09-17 19:48:45'),(39,'co-op@252e57.com','changed','FloorPlan',82,'42C',NULL,'---\nid: 82\nresidence: 42C\nprice: 5750000.0\nbedrooms: 3\nbathrooms: 3.5\nadditions: \'\'\nindoor_sq_ft: 2196.0\nindoor_sq_m: 204.01\noutdoor_sq_ft: 70.0\noutdoor_sq_m: 6.49\ncommon_charges: 4286.0\nmonthly_total: 6230.0\npilot: \'1944\'\navaliable_general: true\navaliable_admins: true\nplan_file_name: 252_floorplan_42C.pdf\nplan_content_type: application/pdf\nplan_file_size: 701331\nplan_updated_at: 2014-09-17 19:48:58.099024069 Z\ncreated_at: 2014-09-05 16:10:02.000000000 Z\nupdated_at: 2014-09-17 19:48:58.583976794 Z\n',NULL,'2014-09-17 19:48:58','2014-09-17 19:48:58'),(40,'co-op@252e57.com','changed','FloorPlan',83,'42D',NULL,'---\nid: 83\nresidence: 42D\nprice: 4195000.0\nbedrooms: 2\nbathrooms: 2.5\nadditions: \'\'\nindoor_sq_ft: 1742.0\nindoor_sq_m: 161.83\noutdoor_sq_ft: 0.0\noutdoor_sq_m: 0.0\ncommon_charges: 3373.0\nmonthly_total: 4903.0\npilot: \'1530\'\navaliable_general: true\navaliable_admins: true\nplan_file_name: 252_floorplan_42Dpdf.pdf\nplan_content_type: application/pdf\nplan_file_size: 634957\nplan_updated_at: 2014-09-17 19:49:10.687189129 Z\ncreated_at: 2014-09-05 16:18:03.000000000 Z\nupdated_at: 2014-09-17 19:49:11.147172836 Z\n',NULL,'2014-09-17 19:49:11','2014-09-17 19:49:11'),(41,'co-op@252e57.com','changed','FloorPlan',86,'51A',NULL,'---\nid: 86\nresidence: 51A\nprice: 8350000.0\nbedrooms: 3\nbathrooms: 3.5\nadditions: \'\'\nindoor_sq_ft: 2626.0\nindoor_sq_m: 243.96\noutdoor_sq_ft: 81.0\noutdoor_sq_m: 7.55\ncommon_charges: 5146.0\nmonthly_total: 7481.0\npilot: \'2335\'\navaliable_general: true\navaliable_admins: true\nplan_file_name: 252_floorplan_51A.pdf\nplan_content_type: application/pdf\nplan_file_size: 547050\nplan_updated_at: 2014-09-17 19:50:30.798937859 Z\ncreated_at: 2014-09-05 17:43:08.000000000 Z\nupdated_at: 2014-09-17 19:50:31.318219385 Z\n',NULL,'2014-09-17 19:50:31','2014-09-17 19:50:31'),(42,'co-op@252e57.com','changed','FloorPlan',87,'51B',NULL,'---\nid: 87\nresidence: 51B\nprice: 6350000.0\nbedrooms: 3\nbathrooms: 3.0\nadditions: \'\'\nindoor_sq_ft: 2271.0\nindoor_sq_m: 210.98\noutdoor_sq_ft: 0.0\noutdoor_sq_m: 0.0\ncommon_charges: 4147.0\nmonthly_total: 6151.0\npilot: \'2004\'\navaliable_general: true\navaliable_admins: true\nplan_file_name: 252_floorplan_51B.pdf\nplan_content_type: application/pdf\nplan_file_size: 515747\nplan_updated_at: 2014-09-17 19:50:44.991644088 Z\ncreated_at: 2014-09-05 17:49:35.000000000 Z\nupdated_at: 2014-09-17 19:50:45.497154260 Z\n',NULL,'2014-09-17 19:50:45','2014-09-17 19:50:45'),(43,'co-op@252e57.com','changed','FloorPlan',88,'51C',NULL,'---\nid: 88\nresidence: 51C\nprice: 9350000.0\nbedrooms: 3\nbathrooms: 3.5\nadditions: \'\'\nindoor_sq_ft: 3054.0\nindoor_sq_m: 283.72\noutdoor_sq_ft: 81.0\noutdoor_sq_m: 7.55\ncommon_charges: 5979.0\nmonthly_total: 8691.0\npilot: \'2712\'\navaliable_general: true\navaliable_admins: true\nplan_file_name: 252_floorplan_51C.pdf\nplan_content_type: application/pdf\nplan_file_size: 568778\nplan_updated_at: 2014-09-17 19:50:56.710335704 Z\ncreated_at: 2014-09-05 17:51:19.000000000 Z\nupdated_at: 2014-09-17 19:50:57.201724681 Z\n',NULL,'2014-09-17 19:50:57','2014-09-17 19:50:57'),(44,'co-op@252e57.com','changed','FloorPlan',89,'58A',NULL,'---\nid: 89\nresidence: 58A\nprice: 21250000.0\nbedrooms: 5\nbathrooms: 5.5\nadditions: \'\'\nindoor_sq_ft: 5242.0\nindoor_sq_m: 486.98\noutdoor_sq_ft: 182.0\noutdoor_sq_m: 16.86\ncommon_charges: 10319.0\nmonthly_total: 15000.0\npilot: \'4681\'\navaliable_general: true\navaliable_admins: true\nplan_file_name: 252_floorplan_58A.pdf\nplan_content_type: application/pdf\nplan_file_size: 790276\nplan_updated_at: 2014-09-17 19:51:08.477779129 Z\ncreated_at: 2014-09-05 18:05:09.000000000 Z\nupdated_at: 2014-09-17 19:51:08.976163070 Z\n',NULL,'2014-09-17 19:51:08','2014-09-17 19:51:08'),(45,'co-op@252e57.com','changed','FloorPlan',90,'60B',NULL,'---\nid: 90\nresidence: 60B\nprice: 13150000.0\nbedrooms: 4\nbathrooms: 4.5\nadditions: \'\'\nindoor_sq_ft: 3338.0\nindoor_sq_m: 310.1\noutdoor_sq_ft: 94.0\noutdoor_sq_m: 8.71\ncommon_charges: 6567.0\nmonthly_total: 9546.0\npilot: \'2979\'\navaliable_general: true\navaliable_admins: true\nplan_file_name: 252_floorplan_60B.pdf\nplan_content_type: application/pdf\nplan_file_size: 579882\nplan_updated_at: 2014-09-17 19:51:21.086215271 Z\ncreated_at: 2014-09-05 18:06:39.000000000 Z\nupdated_at: 2014-09-17 19:51:21.551030293 Z\n',NULL,'2014-09-17 19:51:21','2014-09-17 19:51:21'),(46,'co-op@252e57.com','created','FloorPlan',91,'43C',NULL,'---\nid: 91\nresidence: 43C\nprice: 5810000.0\nbedrooms: 3\nbathrooms: 3.0\nadditions: \'\'\nindoor_sq_ft: 2195.0\nindoor_sq_m: 203.88\noutdoor_sq_ft: 71.0\noutdoor_sq_m: 6.61\ncommon_charges: 4286.25\nmonthly_total: 6230.78\npilot: \'1944.54\'\navaliable_general: true\navaliable_admins: true\nplan_file_name: 252_floorplan_43C.pdf\nplan_content_type: application/pdf\nplan_file_size: 701331\nplan_updated_at: 2014-09-23 21:30:53.249683688 Z\ncreated_at: &1 2014-09-23 21:30:53.688913565 Z\nupdated_at: *1\n','---\nid: 91\nresidence: 43C\nprice: 5810000.0\nbedrooms: 3\nbathrooms: 3.0\nadditions: \'\'\nindoor_sq_ft: 2195.0\nindoor_sq_m: 203.88\noutdoor_sq_ft: 71.0\noutdoor_sq_m: 6.61\ncommon_charges: 4286.25\nmonthly_total: 6230.78\npilot: \'1944.54\'\navaliable_general: true\navaliable_admins: true\nplan_file_name: 252_floorplan_43C.pdf\nplan_content_type: application/pdf\nplan_file_size: 701331\nplan_updated_at: 2014-09-23 21:30:53.249683688 Z\ncreated_at: &1 2014-09-23 21:30:53.688913565 Z\nupdated_at: *1\n','2014-09-23 21:30:53','2014-09-23 21:30:53'),(47,'co-op@252e57.com','changed','FloorPlan',91,'43C',NULL,'---\nid: 91\nresidence: 43C\nprice: 5810000.0\nbedrooms: 3\nbathrooms: 3.0\nadditions: \'\'\nindoor_sq_ft: 2195.0\nindoor_sq_m: 203.88\noutdoor_sq_ft: 71.0\noutdoor_sq_m: 6.61\ncommon_charges: 4286.25\nmonthly_total: 6230.78\npilot: \'1944.54\'\navaliable_general: true\navaliable_admins: true\nplan_file_name: 252_floorplan_43C.pdf\nplan_content_type: application/pdf\nplan_file_size: 701331\nplan_updated_at: 2014-09-23 21:30:53.000000000 Z\ncreated_at: 2014-09-23 21:30:53.000000000 Z\nupdated_at: 2014-09-23 21:30:53.000000000 Z\n',NULL,'2014-09-24 13:51:21','2014-09-24 13:51:21'),(48,'co-op@252e57.com','created','PrivateVideo',1,'Brand Film',NULL,'---\nid: 1\ntitle: Brand Film\nurl: http://vimeo.com/106985598\nupdate_section: false\nthumbnail_file_name: Screen_Shot_2014-09-24_at_9.49.39_AM.png\nthumbnail_content_type: image/png\nthumbnail_file_size: 83293\nthumbnail_updated_at: 2014-09-24 13:52:46.824204483 Z\ncreated_at: &1 2014-09-24 13:52:47.553613394 Z\nupdated_at: *1\npublished_date: 2014-09-24\n','---\nid: 1\ntitle: Brand Film\nurl: http://vimeo.com/106985598\nupdate_section: false\nthumbnail_file_name: Screen_Shot_2014-09-24_at_9.49.39_AM.png\nthumbnail_content_type: image/png\nthumbnail_file_size: 83293\nthumbnail_updated_at: 2014-09-24 13:52:46.824204483 Z\ncreated_at: &1 2014-09-24 13:52:47.553613394 Z\nupdated_at: *1\npublished_date: 2014-09-24\n','2014-09-24 13:52:47','2014-09-24 13:52:47'),(49,'co-op@252e57.com','changed','PrivateVideo',1,'Brand Film',NULL,'---\nid: 1\ntitle: Brand Film\nurl: \"//player.vimeo.com/video/106985598\"\nupdate_section: false\nthumbnail_file_name: Screen_Shot_2014-09-24_at_9.49.39_AM.png\nthumbnail_content_type: image/png\nthumbnail_file_size: 83293\nthumbnail_updated_at: 2014-09-24 13:52:46.000000000 Z\ncreated_at: 2014-09-24 13:52:47.000000000 Z\nupdated_at: 2014-09-24 14:13:53.865600793 Z\npublished_date: 2014-09-24\n',NULL,'2014-09-24 14:13:53','2014-09-24 14:13:53'),(50,'softgravity@252e57.com','changed','FloorPlan',76,'37A',NULL,'---\nid: 76\nresidence: 37A\nprice: 4925000.0\nbedrooms: 3\nbathrooms: 3.0\nadditions: \'\'\nindoor_sq_ft: 2016.0\nindoor_sq_m: 187.29\noutdoor_sq_ft: 63.0\noutdoor_sq_m: 5.89\ncommon_charges: 3924.0\nmonthly_total: 5704.0\npilot: \'1780\'\navaliable_general: true\navaliable_admins: true\nplan_file_name: 252_floorplan_37A.pdf\nplan_content_type: application/pdf\nplan_file_size: 538319\nplan_updated_at: 2014-09-17 19:45:23.000000000 Z\ncreated_at: 2014-09-05 15:24:44.000000000 Z\nupdated_at: 2014-10-10 11:22:18.937062258 Z\nbalcony: \'yes\'\n',NULL,'2014-10-10 11:22:18','2014-10-10 11:22:18'),(51,'co-op@252e57.com','changed','FloorPlan',78,'37C',NULL,'---\nid: 78\nresidence: 37C\nprice: 4925000.0\nbedrooms: 3\nbathrooms: 3.0\nadditions: \'\'\nindoor_sq_ft: 2013.0\nindoor_sq_m: 187.03\noutdoor_sq_ft: 63.0\noutdoor_sq_m: 5.89\ncommon_charges: 3918.0\nmonthly_total: 5696.0\npilot: \'1778\'\navaliable_general: true\navaliable_admins: true\nplan_file_name: 252_floorplan_37C.pdf\nplan_content_type: application/pdf\nplan_file_size: 698214\nplan_updated_at: 2014-09-17 19:45:47.000000000 Z\ncreated_at: 2014-09-05 15:29:04.000000000 Z\nupdated_at: 2014-10-10 13:59:32.463054339 Z\nbalcony: \'yes\'\n',NULL,'2014-10-10 13:59:32','2014-10-10 13:59:32'),(52,'co-op@252e57.com','changed','FloorPlan',80,'42A',NULL,'---\nid: 80\nresidence: 42A\nprice: 5750000.0\nbedrooms: 3\nbathrooms: 3.5\nadditions: \'\'\nindoor_sq_ft: 2198.0\nindoor_sq_m: 204.2\noutdoor_sq_ft: 70.0\noutdoor_sq_m: 6.49\ncommon_charges: 4289.0\nmonthly_total: 6235.0\npilot: \'1946\'\navaliable_general: true\navaliable_admins: true\nplan_file_name: 252_floorplan_42A.pdf\nplan_content_type: application/pdf\nplan_file_size: 698519\nplan_updated_at: 2014-09-17 19:48:32.000000000 Z\ncreated_at: 2014-09-05 15:52:41.000000000 Z\nupdated_at: 2014-10-10 13:59:51.912143469 Z\nbalcony: \'yes\'\n',NULL,'2014-10-10 13:59:51','2014-10-10 13:59:51'),(53,'co-op@252e57.com','changed','FloorPlan',77,'37B',NULL,'---\nid: 77\nresidence: 37B\nprice: 4735000.0\nbedrooms: 3\nbathrooms: 3.0\nadditions: \'\'\nindoor_sq_ft: 1929.0\nindoor_sq_m: 179.19\noutdoor_sq_ft: 0.0\noutdoor_sq_m: 0.0\ncommon_charges: 3725.0\nmonthly_total: 5415.0\npilot: \'1690\'\navaliable_general: true\navaliable_admins: true\nplan_file_name: 252_floorplan_37B.pdf\nplan_content_type: application/pdf\nplan_file_size: 667719\nplan_updated_at: 2014-09-17 19:45:36.000000000 Z\ncreated_at: 2014-09-05 15:26:51.000000000 Z\nupdated_at: 2014-10-10 13:59:59.775939277 Z\nbalcony: \'no\'\n',NULL,'2014-10-10 13:59:59','2014-10-10 13:59:59'),(54,'co-op@252e57.com','changed','FloorPlan',82,'42C',NULL,'---\nid: 82\nresidence: 42C\nprice: 5750000.0\nbedrooms: 3\nbathrooms: 3.5\nadditions: \'\'\nindoor_sq_ft: 2196.0\nindoor_sq_m: 204.01\noutdoor_sq_ft: 70.0\noutdoor_sq_m: 6.49\ncommon_charges: 4286.0\nmonthly_total: 6230.0\npilot: \'1944\'\navaliable_general: true\navaliable_admins: true\nplan_file_name: 252_floorplan_42C.pdf\nplan_content_type: application/pdf\nplan_file_size: 701331\nplan_updated_at: 2014-09-17 19:48:58.000000000 Z\ncreated_at: 2014-09-05 16:10:02.000000000 Z\nupdated_at: 2014-10-10 14:00:21.002253692 Z\nbalcony: \'yes\'\n',NULL,'2014-10-10 14:00:21','2014-10-10 14:00:21'),(55,'co-op@252e57.com','changed','FloorPlan',91,'43C',NULL,'---\nid: 91\nresidence: 43C\nprice: 5810000.0\nbedrooms: 3\nbathrooms: 3.0\nadditions: \'\'\nindoor_sq_ft: 2195.0\nindoor_sq_m: 203.88\noutdoor_sq_ft: 71.0\noutdoor_sq_m: 6.61\ncommon_charges: 4286.25\nmonthly_total: 6230.78\npilot: \'1944.54\'\navaliable_general: true\navaliable_admins: true\nplan_file_name: 252_floorplan_43C.pdf\nplan_content_type: application/pdf\nplan_file_size: 701331\nplan_updated_at: 2014-09-23 21:30:53.000000000 Z\ncreated_at: 2014-09-23 21:30:53.000000000 Z\nupdated_at: 2014-10-10 14:00:34.289939593 Z\nbalcony: \'yes\'\n',NULL,'2014-10-10 14:00:34','2014-10-10 14:00:34'),(56,'co-op@252e57.com','changed','FloorPlan',76,'37A',NULL,'---\nid: 76\nresidence: 37A\nprice: 4925000.0\nbedrooms: 3\nbathrooms: 3.0\nadditions: \'\'\nindoor_sq_ft: 2016.0\nindoor_sq_m: 187.29\noutdoor_sq_ft: 63.0\noutdoor_sq_m: 5.89\ncommon_charges: 3924.0\nmonthly_total: 5704.0\npilot: \'1780\'\navaliable_general: true\navaliable_admins: true\nplan_file_name: 252_floorplan_37A.pdf\nplan_content_type: application/pdf\nplan_file_size: 538319\nplan_updated_at: 2014-09-17 19:45:23.000000000 Z\ncreated_at: 2014-09-05 15:24:44.000000000 Z\nupdated_at: 2014-10-10 11:22:18.000000000 Z\nbalcony: \'yes\'\n',NULL,'2014-10-10 14:01:00','2014-10-10 14:01:00'),(57,'co-op@252e57.com','changed','FloorPlan',78,'37C',NULL,'---\nid: 78\nresidence: 37C\nprice: 4925000.0\nbedrooms: 3\nbathrooms: 3.0\nadditions: \'\'\nindoor_sq_ft: 2013.0\nindoor_sq_m: 187.03\noutdoor_sq_ft: 63.0\noutdoor_sq_m: 5.89\ncommon_charges: 3918.0\nmonthly_total: 5696.0\npilot: \'1778\'\navaliable_general: true\navaliable_admins: true\nplan_file_name: 252_floorplan_37C.pdf\nplan_content_type: application/pdf\nplan_file_size: 698214\nplan_updated_at: 2014-09-17 19:45:47.000000000 Z\ncreated_at: 2014-09-05 15:29:04.000000000 Z\nupdated_at: 2014-10-10 13:59:32.000000000 Z\nbalcony: \'yes\'\n',NULL,'2014-10-10 14:01:16','2014-10-10 14:01:16'),(58,'co-op@252e57.com','changed','FloorPlan',80,'42A',NULL,'---\nid: 80\nresidence: 42A\nprice: 5750000.0\nbedrooms: 3\nbathrooms: 3.5\nadditions: \'\'\nindoor_sq_ft: 2198.0\nindoor_sq_m: 204.2\noutdoor_sq_ft: 70.0\noutdoor_sq_m: 6.49\ncommon_charges: 4289.0\nmonthly_total: 6235.0\npilot: \'1946\'\navaliable_general: true\navaliable_admins: true\nplan_file_name: 252_floorplan_42A.pdf\nplan_content_type: application/pdf\nplan_file_size: 698519\nplan_updated_at: 2014-09-17 19:48:32.000000000 Z\ncreated_at: 2014-09-05 15:52:41.000000000 Z\nupdated_at: 2014-10-10 13:59:51.000000000 Z\nbalcony: \'yes\'\n',NULL,'2014-10-10 14:01:22','2014-10-10 14:01:22'),(59,'co-op@252e57.com','changed','FloorPlan',86,'51A',NULL,'---\nid: 86\nresidence: 51A\nprice: 8350000.0\nbedrooms: 3\nbathrooms: 3.5\nadditions: \'\'\nindoor_sq_ft: 2626.0\nindoor_sq_m: 243.96\noutdoor_sq_ft: 81.0\noutdoor_sq_m: 7.55\ncommon_charges: 5146.0\nmonthly_total: 7481.0\npilot: \'2335\'\navaliable_general: true\navaliable_admins: true\nplan_file_name: 252_floorplan_51A.pdf\nplan_content_type: application/pdf\nplan_file_size: 547050\nplan_updated_at: 2014-09-17 19:50:30.000000000 Z\ncreated_at: 2014-09-05 17:43:08.000000000 Z\nupdated_at: 2014-10-10 14:02:32.113020437 Z\nbalcony: \'yes\'\n',NULL,'2014-10-10 14:02:32','2014-10-10 14:02:32'),(60,'co-op@252e57.com','changed','FloorPlan',88,'51C',NULL,'---\nid: 88\nresidence: 51C\nprice: 9350000.0\nbedrooms: 3\nbathrooms: 3.5\nadditions: \'\'\nindoor_sq_ft: 3054.0\nindoor_sq_m: 283.72\noutdoor_sq_ft: 81.0\noutdoor_sq_m: 7.55\ncommon_charges: 5979.0\nmonthly_total: 8691.0\npilot: \'2712\'\navaliable_general: true\navaliable_admins: true\nplan_file_name: 252_floorplan_51C.pdf\nplan_content_type: application/pdf\nplan_file_size: 568778\nplan_updated_at: 2014-09-17 19:50:56.000000000 Z\ncreated_at: 2014-09-05 17:51:19.000000000 Z\nupdated_at: 2014-10-10 14:02:48.649059991 Z\nbalcony: \'yes\'\n',NULL,'2014-10-10 14:02:48','2014-10-10 14:02:48'),(61,'co-op@252e57.com','changed','FloorPlan',89,'58A',NULL,'---\nid: 89\nresidence: 58A\nprice: 21250000.0\nbedrooms: 5\nbathrooms: 5.5\nadditions: \'\'\nindoor_sq_ft: 5242.0\nindoor_sq_m: 486.98\noutdoor_sq_ft: 182.0\noutdoor_sq_m: 16.86\ncommon_charges: 10319.0\nmonthly_total: 15000.0\npilot: \'4681\'\navaliable_general: true\navaliable_admins: true\nplan_file_name: 252_floorplan_58A.pdf\nplan_content_type: application/pdf\nplan_file_size: 790276\nplan_updated_at: 2014-09-17 19:51:08.000000000 Z\ncreated_at: 2014-09-05 18:05:09.000000000 Z\nupdated_at: 2014-10-10 14:03:01.732963158 Z\nbalcony: \'yes\'\n',NULL,'2014-10-10 14:03:01','2014-10-10 14:03:01'),(62,'co-op@252e57.com','changed','FloorPlan',90,'60B',NULL,'---\nid: 90\nresidence: 60B\nprice: 13150000.0\nbedrooms: 4\nbathrooms: 4.5\nadditions: \'\'\nindoor_sq_ft: 3338.0\nindoor_sq_m: 310.1\noutdoor_sq_ft: 94.0\noutdoor_sq_m: 8.71\ncommon_charges: 6567.0\nmonthly_total: 9546.0\npilot: \'2979\'\navaliable_general: true\navaliable_admins: true\nplan_file_name: 252_floorplan_60B.pdf\nplan_content_type: application/pdf\nplan_file_size: 579882\nplan_updated_at: 2014-09-17 19:51:21.000000000 Z\ncreated_at: 2014-09-05 18:06:39.000000000 Z\nupdated_at: 2014-10-10 14:03:11.959036055 Z\nbalcony: \'yes\'\n',NULL,'2014-10-10 14:03:11','2014-10-10 14:03:11'),(63,'co-op@252e57.com','changed','VideoSection',1,'Skidmore, Owings & Merrill',NULL,'---\nid: 1\nsection: Design Architect\ntitle: Skidmore, Owings & Merrill\nbody: \"<p>A leading international architecture, urban design and planning, engineering,\n  and interior architecture firm, Skidmore, Owings & Merrill LLP (SOM) is recognized\n  for excellence and innovation that enhance the quality of the built environment.\n  The firm’s long-established history of globally recognized icons such the Burj Khalifa\n  in Dubai, as well as transformative New York City projects such as Lever House,\n  the new One World Trade Center and Time Warner Center, underscore its reputation\n  for exceptional design and creativity.  By analyzing clients’ goals and synthesizing\n  design and technical coordination, the firm creates spaces that are cutting-edge,\n  distinctive, and functional.</p><p>SOM was twice named AIA Firm of the Year and\n  its projects have won over 1,700 awards, including five AIA 25-year Awards.</p>\"\ncreated_at: 2014-07-28 20:29:49.000000000 Z\nupdated_at: 2014-09-05 13:39:44.000000000 Z\nsection_type: \n',NULL,'2014-10-18 09:49:48','2014-10-18 09:49:48'),(64,'co-op@252e57.com','changed','VideoSection',1,'Skidmore, Owings & Merrill',NULL,'---\nid: 1\nsection: Design Architect\ntitle: Skidmore, Owings & Merrill\nbody: \"<p>A leading international architecture, urban design and planning, engineering,\n  and interior architecture firm, Skidmore, Owings & Merrill LLP (SOM) is recognized\n  for excellence and innovation that enhance the quality of the built environment.\n  The firm’s long-established history of globally recognized icons such the Burj Khalifa\n  in Dubai, as well as transformative New York City projects such as Lever House,\n  the new One World Trade Center and Time Warner Center, underscore its reputation\n  for exceptional design and creativity.  By analyzing clients’ goals and synthesizing\n  design and technical coordination, the firm creates spaces that are cutting-edge,\n  distinctive, and functional.</p><p>SOM was twice named AIA Firm of the Year and\n  its projects have won over 1,700 awards, including five AIA 25-year Awards.</p>\"\ncreated_at: 2014-07-28 20:29:49.000000000 Z\nupdated_at: 2014-09-05 13:39:44.000000000 Z\nsection_type: \n',NULL,'2014-10-18 09:54:51','2014-10-18 09:54:51'),(65,'co-op@252e57.com','changed','VideoSection',1,'Skidmore, Owings & Merrill',NULL,'---\nid: 1\nsection: Design Architect\ntitle: Skidmore, Owings & Merrill\nbody: \"<p>A leading international architecture, urban design and planning, engineering,\n  and interior architecture firm, Skidmore, Owings & Merrill LLP (SOM) is recognized\n  for excellence and innovation that enhance the quality of the built environment.\n  The firm’s long-established history of globally recognized icons such the Burj Khalifa\n  in Dubai, as well as transformative New York City projects such as Lever House,\n  the new One World Trade Center and Time Warner Center, underscore its reputation\n  for exceptional design and creativity.  By analyzing clients’ goals and synthesizing\n  design and technical coordination, the firm creates spaces that are cutting-edge,\n  distinctive, and functional.</p><p>SOM was twice named AIA Firm of the Year and\n  its projects have won over 1,700 awards, including five AIA 25-year Awards.</p>\"\ncreated_at: 2014-07-28 20:29:49.000000000 Z\nupdated_at: 2014-10-18 09:57:47.415241908 Z\nsection_type: designteam\n',NULL,'2014-10-18 09:57:47','2014-10-18 09:57:47'),(66,'co-op@252e57.com','changed','VideoSection',2,'Daniel Romualdez',NULL,'---\nid: 2\nsection: Interior Architect\ntitle: Daniel Romualdez\nbody: \"<p>Architect and designer Daniel Romualdez is globally renowned within an elite\n  group of tastemakers and business leaders for the creation of exquisitely sophisticated\n  interiors. After coming to the United States to study at Yale and Columbia University,\n  Romualdez worked for architectural luminaries Thierry Despont and Robert A.M. Stern\n  before establishing his own eponymous firm in Manhattan in 1993. Called “a connoisseur\n  with tremendous range” by architecture critic Paul Goldberger of The New Yorker,\n  Romualdez is known for interior design that deftly juxtaposes humble and fine materials,\n  elegantly integrating classical style with modern influences. Named to Architectural\n  Digest’s prestigious AD100 list, Romualdez has also been profiled by leading international\n  publications including Vogue, The Wall Street Journal, and Departures.</p>\"\ncreated_at: 2014-07-28 20:29:50.000000000 Z\nupdated_at: 2014-10-18 09:57:52.298634410 Z\nsection_type: designteam\n',NULL,'2014-10-18 09:57:52','2014-10-18 09:57:52'),(67,'co-op@252e57.com','changed','VideoSection',3,'SLCE',NULL,'---\nid: 3\nsection: Architect of Record\ntitle: SLCE\nbody: \"<p>Founded in New York City in 1941, SLCE Architects, LLP is one of the most\n  prolific firms in the metropolitan area and enjoys a growing presence nationally.\n  As Architect of Record, SLCE has collaborated with many internationally renowned\n  design including Atelier Jean Nouvel, Norman Foster & Partners, Robert A.M. Stern\n  Architects, Renzo Piano Workshop, Herzog de Meuron Architects, Skidmore Owings &\n  Merrill, and Santiago Calatrava Arquitecto. SLCE’s New York City luxury condominium\n  projects include 15 Central Park West, Beacon Court, 10 UN Plaza, 255 East 74th\n  Street and The Milan.</p>\"\ncreated_at: 2014-07-28 20:29:50.000000000 Z\nupdated_at: 2014-10-18 09:57:58.181172976 Z\nsection_type: designteam\n',NULL,'2014-10-18 09:57:58','2014-10-18 09:57:58'),(68,'co-op@252e57.com','changed','VideoSection',4,'WSP',NULL,'---\nid: 4\nsection: Sustainable Engineer\ntitle: WSP\nbody: \"<p>Founded in 1969, WSP is the mechanical engineering business of WSP, one\n  of the world’s leading engineering and design consultancies with more than 300 offices,\n  across 30 countries. The firm provides sustainable consulting in the built and natural\n  environment across a wide range of market sectors, including residential, retail,\n  hotels and resorts, and cultural institutions, among many others. WSP, which specializes\n  in the residential sector, offers multi-disciplinary expertise in all areas of planning,\n  from design and construction to building engineering and environmental consultancy\n  for large and complex projects. High-profile properties the firm has consulted for\n  in New York City include New York by Gehry, The Plaza Hotel & Residences, Time Warner\n  Center, Trump Tower, Trump International Hotel & Tower, MoMA Tower, and 15 Central\n  Park West.</p>\"\ncreated_at: 2014-07-28 20:29:50.000000000 Z\nupdated_at: 2014-10-18 09:58:02.775880926 Z\nsection_type: designteam\n',NULL,'2014-10-18 09:58:02','2014-10-18 09:58:02');
/*!40000 ALTER TABLE `change_logs` ENABLE KEYS */;
UNLOCK TABLES;

--
-- Table structure for table `floor_plans`
--

DROP TABLE IF EXISTS `floor_plans`;
/*!40101 SET @saved_cs_client     = @@character_set_client */;
/*!40101 SET character_set_client = utf8 */;
CREATE TABLE `floor_plans` (
  `id` int(11) NOT NULL AUTO_INCREMENT,
  `residence` varchar(255) COLLATE utf8_unicode_ci DEFAULT NULL,
  `price` float DEFAULT NULL,
  `bedrooms` int(11) DEFAULT NULL,
  `bathrooms` float DEFAULT NULL,
  `additions` varchar(255) COLLATE utf8_unicode_ci DEFAULT NULL,
  `indoor_sq_ft` float DEFAULT NULL,
  `indoor_sq_m` float DEFAULT NULL,
  `outdoor_sq_ft` float DEFAULT NULL,
  `outdoor_sq_m` float DEFAULT NULL,
  `common_charges` float DEFAULT NULL,
  `monthly_total` float DEFAULT NULL,
  `pilot` varchar(255) COLLATE utf8_unicode_ci DEFAULT NULL,
  `avaliable_general` tinyint(1) DEFAULT NULL,
  `avaliable_admins` tinyint(1) DEFAULT NULL,
  `plan_file_name` varchar(255) COLLATE utf8_unicode_ci DEFAULT NULL,
  `plan_content_type` varchar(255) COLLATE utf8_unicode_ci DEFAULT NULL,
  `plan_file_size` int(11) DEFAULT NULL,
  `plan_updated_at` datetime DEFAULT NULL,
  `created_at` datetime DEFAULT NULL,
  `updated_at` datetime DEFAULT NULL,
  `balcony` varchar(20) COLLATE utf8_unicode_ci DEFAULT NULL,
  PRIMARY KEY (`id`)
) ENGINE=InnoDB AUTO_INCREMENT=92 DEFAULT CHARSET=utf8 COLLATE=utf8_unicode_ci;
/*!40101 SET character_set_client = @saved_cs_client */;

--
-- Dumping data for table `floor_plans`
--

LOCK TABLES `floor_plans` WRITE;
/*!40000 ALTER TABLE `floor_plans` DISABLE KEYS */;
INSERT INTO `floor_plans` VALUES (76,'37A',4925000,3,3,'',2016,187.29,63,5.89,3924,5704,'1780',1,1,'252_floorplan_37A.pdf','application/pdf',538319,'2014-09-17 19:45:23','2014-09-05 15:24:44','2014-10-10 11:22:18','yes'),(77,'37B',4735000,3,3,'',1929,179.19,0,0,3725,5415,'1690',1,1,'252_floorplan_37B.pdf','application/pdf',667719,'2014-09-17 19:45:36','2014-09-05 15:26:51','2014-10-10 13:59:59','no'),(78,'37C',4925000,3,3,'',2013,187.03,63,5.89,3918,5696,'1778',1,1,'252_floorplan_37C.pdf','application/pdf',698214,'2014-09-17 19:45:47','2014-09-05 15:29:04','2014-10-10 13:59:32','yes'),(79,'37D',4735000,3,3,'',1931,179.37,0,0,3729,5421,'1692',1,1,'252_floorplan_37D.pdf','application/pdf',661955,'2014-09-17 19:48:17','2014-09-05 15:50:32','2014-09-17 19:48:18',NULL),(80,'42A',5750000,3,3.5,'',2198,204.2,70,6.49,4289,6235,'1946',1,1,'252_floorplan_42A.pdf','application/pdf',698519,'2014-09-17 19:48:32','2014-09-05 15:52:41','2014-10-10 13:59:51','yes'),(81,'42B',4195000,2,2.5,'',1750,162.58,0,0,3388,4925,'1537',1,1,'252_floorplan_42B.pdf','application/pdf',495826,'2014-09-17 19:48:44','2014-09-05 15:56:21','2014-09-17 19:48:45',NULL),(82,'42C',5750000,3,3.5,'',2196,204.01,70,6.49,4286,6230,'1944',1,1,'252_floorplan_42C.pdf','application/pdf',701331,'2014-09-17 19:48:58','2014-09-05 16:10:02','2014-10-10 14:00:21','yes'),(83,'42D',4195000,2,2.5,'',1742,161.83,0,0,3373,4903,'1530',1,1,'252_floorplan_42Dpdf.pdf','application/pdf',634957,'2014-09-17 19:49:10','2014-09-05 16:18:03','2014-09-17 19:49:11',NULL),(86,'51A',8350000,3,3.5,'',2626,243.96,81,7.55,5146,7481,'2335',1,1,'252_floorplan_51A.pdf','application/pdf',547050,'2014-09-17 19:50:30','2014-09-05 17:43:08','2014-10-10 14:02:32','yes'),(87,'51B',6350000,3,3,'',2271,210.98,0,0,4147,6151,'2004',1,1,'252_floorplan_51B.pdf','application/pdf',515747,'2014-09-17 19:50:44','2014-09-05 17:49:35','2014-09-17 19:50:45',NULL),(88,'51C',9350000,3,3.5,'',3054,283.72,81,7.55,5979,8691,'2712',1,1,'252_floorplan_51C.pdf','application/pdf',568778,'2014-09-17 19:50:56','2014-09-05 17:51:19','2014-10-10 14:02:48','yes'),(89,'58A',21250000,5,5.5,'',5242,486.98,182,16.86,10319,15000,'4681',1,1,'252_floorplan_58A.pdf','application/pdf',790276,'2014-09-17 19:51:08','2014-09-05 18:05:09','2014-10-10 14:03:01','yes'),(90,'60B',13150000,4,4.5,'',3338,310.1,94,8.71,6567,9546,'2979',1,1,'252_floorplan_60B.pdf','application/pdf',579882,'2014-09-17 19:51:21','2014-09-05 18:06:39','2014-10-10 14:03:11','yes'),(91,'43C',5810000,3,3,'',2195,203.88,71,6.61,4286.25,6230.78,'1944.54',1,1,'252_floorplan_43C.pdf','application/pdf',701331,'2014-09-23 21:30:53','2014-09-23 21:30:53','2014-10-10 14:00:34','yes');
/*!40000 ALTER TABLE `floor_plans` ENABLE KEYS */;
UNLOCK TABLES;

--
-- Table structure for table `galleries`
--

DROP TABLE IF EXISTS `galleries`;
/*!40101 SET @saved_cs_client     = @@character_set_client */;
/*!40101 SET character_set_client = utf8 */;
CREATE TABLE `galleries` (
  `id` int(11) NOT NULL AUTO_INCREMENT,
  `title` varchar(255) COLLATE utf8_unicode_ci DEFAULT NULL,
  `public_available` tinyint(1) DEFAULT '0',
  `update_section` tinyint(1) DEFAULT '0',
  `neighborhood_ava` tinyint(1) DEFAULT '0',
  `private_available` tinyint(1) DEFAULT NULL,
  `thumbnail_file_name` varchar(255) COLLATE utf8_unicode_ci DEFAULT NULL,
  `thumbnail_content_type` varchar(255) COLLATE utf8_unicode_ci DEFAULT NULL,
  `thumbnail_file_size` int(11) DEFAULT NULL,
  `thumbnail_updated_at` datetime DEFAULT NULL,
  `created_at` datetime DEFAULT NULL,
  `updated_at` datetime DEFAULT NULL,
  `published_date` date DEFAULT NULL,
  `detail_section` tinyint(1) DEFAULT '0',
  `heading` varchar(255) COLLATE utf8_unicode_ci DEFAULT NULL,
  PRIMARY KEY (`id`)
) ENGINE=InnoDB AUTO_INCREMENT=7 DEFAULT CHARSET=utf8 COLLATE=utf8_unicode_ci;
/*!40101 SET character_set_client = @saved_cs_client */;

--
-- Dumping data for table `galleries`
--

LOCK TABLES `galleries` WRITE;
/*!40000 ALTER TABLE `galleries` DISABLE KEYS */;
INSERT INTO `galleries` VALUES (1,'Public Gallery',0,0,0,0,NULL,NULL,NULL,NULL,'2014-07-28 20:31:32','2014-09-12 17:44:35','2014-08-28',0,NULL),(5,'Gallery_082814',0,0,0,0,NULL,NULL,NULL,NULL,'2014-08-28 17:51:52','2014-09-04 15:31:53','2014-08-28',0,NULL),(6,'Gallery_090814',1,0,1,0,NULL,NULL,NULL,NULL,'2014-09-04 15:19:42','2014-09-12 17:44:35','2014-09-08',0,NULL);
/*!40000 ALTER TABLE `galleries` ENABLE KEYS */;
UNLOCK TABLES;

--
-- Table structure for table `gallery_images`
--

DROP TABLE IF EXISTS `gallery_images`;
/*!40101 SET @saved_cs_client     = @@character_set_client */;
/*!40101 SET character_set_client = utf8 */;
CREATE TABLE `gallery_images` (
  `id` int(11) NOT NULL AUTO_INCREMENT,
  `name` varchar(255) COLLATE utf8_unicode_ci DEFAULT NULL,
  `alt_name` varchar(255) COLLATE utf8_unicode_ci DEFAULT NULL,
  `sequence` int(11) DEFAULT NULL,
  `gallery_id` int(11) DEFAULT NULL,
  `image_file_name` varchar(255) COLLATE utf8_unicode_ci DEFAULT NULL,
  `image_content_type` varchar(255) COLLATE utf8_unicode_ci DEFAULT NULL,
  `image_file_size` int(11) DEFAULT NULL,
  `image_updated_at` datetime DEFAULT NULL,
  `created_at` datetime DEFAULT NULL,
  `updated_at` datetime DEFAULT NULL,
  PRIMARY KEY (`id`)
) ENGINE=InnoDB AUTO_INCREMENT=69 DEFAULT CHARSET=utf8 COLLATE=utf8_unicode_ci;
/*!40101 SET character_set_client = @saved_cs_client */;

--
-- Dumping data for table `gallery_images`
--

LOCK TABLES `gallery_images` WRITE;
/*!40000 ALTER TABLE `gallery_images` DISABLE KEYS */;
INSERT INTO `gallery_images` VALUES (16,'Custom Eggersmann kitchen designed by Daniel Romualdez','',4,1,'Q_0010_140814.jpg','image/jpeg',1143460,'2014-08-28 16:44:29','2014-08-28 16:44:29','2014-09-08 16:26:55'),(20,'Spa with sauna, steam, treatment and ice rooms, and a 75-foot swimming pool','',0,1,'F_0010_140819.jpg','image/jpeg',1376958,'2014-08-28 17:27:24','2014-08-28 17:27:24','2014-09-08 16:26:55'),(21,'34th floor gym with yoga studio, pilates studio, spin room with Peloton bicycles, Technogym equipment and 18 foot ceilings','',1,1,'H_0010_140815.jpg','image/jpeg',1594468,'2014-08-28 17:27:54','2014-08-28 17:27:54','2014-09-08 16:26:55'),(22,'34th floor lounge, library and dining room with adjoining 70’ terrace','',2,1,'I_0010_140814.jpg','image/jpeg',1010238,'2014-08-28 17:28:16','2014-08-28 17:28:16','2014-09-08 16:26:55'),(23,'34th floor billiards room with 18’ ceilings','',3,1,'M_0010_140827_2.jpg','image/jpeg',1667234,'2014-08-28 17:28:44','2014-08-28 17:28:44','2014-09-08 16:26:55'),(24,'Master bath with white Nanoglass floors and walls, a walnut vanity and honed black granite bench','',5,1,'R_0010_v140827.jpg','image/jpeg',1006706,'2014-08-28 17:29:12','2014-08-28 17:29:12','2014-09-08 16:26:55'),(25,'Panoramic views of Manhattan, Central Park, East River','',6,1,'S_0010_140827.jpg','image/jpeg',1297501,'2014-08-28 17:31:32','2014-08-28 17:31:32','2014-09-08 16:26:55'),(27,'57th Street Entrance ','',0,5,'A_0010_140814b.jpg','image/jpeg',281670,'2014-08-28 17:52:35','2014-08-28 17:52:35','2014-08-28 17:52:35'),(28,'Spa with sauna, steam, treatment and ice rooms, and a 75-foot swimming pool','',1,5,'F_0010_140819.jpg','image/jpeg',291387,'2014-08-28 17:52:59','2014-08-28 17:52:59','2014-08-28 17:52:59'),(29,'34th floor gym with yoga studio, pilates studio, spin room with Peloton bicycles, Technogym equipment and 18 foot ceilings','',2,5,'H_0010_140815.jpg','image/jpeg',395590,'2014-08-28 17:53:23','2014-08-28 17:53:23','2014-08-28 17:53:23'),(30,'34th floor lounge, library and dining room with adjoining 70’ terrace','',3,5,'I_0010_140814.jpg','image/jpeg',231731,'2014-08-28 17:53:45','2014-08-28 17:53:45','2014-08-28 17:53:45'),(31,'34th floor billiards room with 18’ ceilings','',4,5,'M_0010_140827_2.jpg','image/jpeg',391231,'2014-08-28 17:54:04','2014-08-28 17:54:04','2014-08-28 17:54:04'),(32,'Custom Eggersmann kitchen designed by Daniel Romualdez','',5,5,'Q_0010_140814.jpg','image/jpeg',253956,'2014-08-28 17:54:30','2014-08-28 17:54:30','2014-08-28 17:54:30'),(33,'Master bath with white Nanoglass floors and walls, a walnut vanity and honed black granite bench','',6,5,'R_0010_v140827.jpg','image/jpeg',202498,'2014-08-28 17:54:50','2014-08-28 17:54:50','2014-08-28 17:54:50'),(34,'Panoramic views of Manhattan, Central Park, East River','',7,5,'S_0010_140827.jpg','image/jpeg',303425,'2014-08-28 17:55:13','2014-08-28 17:55:13','2014-08-28 17:55:13'),(57,'Master bath with white Nanoglass floors and walls, a walnut vanity and honed black granite bench','Master Bathroom',10,6,'_bath.jpg','image/jpeg',286978,'2014-10-15 16:46:16','2014-10-15 16:46:16','2014-10-15 17:13:33'),(58,'Custom Eggersmann kitchen designed by Daniel Romualdez','Kitchen',9,6,'_kitchen.jpg','image/jpeg',383149,'2014-10-15 16:47:06','2014-10-15 16:47:06','2014-10-15 17:13:33'),(59,'Panoramic views of Manhattan skyline','Living Room',8,6,'_living.jpg','image/jpeg',256871,'2014-10-15 16:48:10','2014-10-15 16:48:10','2014-10-15 17:13:33'),(61,'Panoramic views of Central Park','View of Central Park',7,6,'_view_north.jpg','image/jpeg',602040,'2014-10-15 16:49:07','2014-10-15 16:49:07','2014-10-15 17:13:33'),(62,'Panoramic views of the East River and Manhattan skyline','View of East River',6,6,'_view_south.jpg','image/jpeg',265374,'2014-10-15 16:49:47','2014-10-15 16:49:47','2014-10-15 17:13:33'),(63,'Spa with sauna, steam, treatment and ice rooms, and a 75-foot swimming pool','Swimming Pool',5,6,'_pool.jpg','image/jpeg',373699,'2014-10-15 16:50:14','2014-10-15 16:50:14','2014-10-15 17:13:33'),(64,'34th floor fitness center with yoga studio, pilates studio, spin room with Peloton bicycles, Technogym equipment','Fitness Center',4,6,'_fitness_center.jpg','image/jpeg',528552,'2014-10-15 16:50:43','2014-10-15 16:50:43','2014-10-15 17:13:33'),(65,'34th floor lounge, library and dining room with 18’ ceilings and adjoining 70’ terrace','Lounge, Library, Dining Room',3,6,'_enfilade.jpg','image/jpeg',1714960,'2014-10-15 16:51:19','2014-10-15 16:51:19','2014-10-15 17:13:33'),(66,'Attended, gated porte cochère with automated parking','Porte Cochère',2,6,'_porte_cochere.jpg','image/jpeg',678130,'2014-10-15 16:52:36','2014-10-15 16:52:36','2014-10-15 17:13:33'),(67,'252 East 57th street entrance','57th Street Entrance',1,6,'_entrance.jpg','image/jpeg',367409,'2014-10-15 16:53:58','2014-10-15 16:53:58','2014-10-15 17:13:33'),(68,'65-story curved glass facade designed by SOM','252 East Fifty Seven',0,6,'_facade_091014.jpg','image/jpeg',1315726,'2014-10-15 17:13:23','2014-10-15 17:13:23','2014-10-15 17:13:33');
/*!40000 ALTER TABLE `gallery_images` ENABLE KEYS */;
UNLOCK TABLES;

--
-- Table structure for table `private_sites`
--

DROP TABLE IF EXISTS `private_sites`;
/*!40101 SET @saved_cs_client     = @@character_set_client */;
/*!40101 SET character_set_client = utf8 */;
CREATE TABLE `private_sites` (
  `id` int(11) NOT NULL AUTO_INCREMENT,
  `receiver_email` varchar(255) COLLATE utf8_unicode_ci DEFAULT NULL,
  `receiver_name` varchar(255) COLLATE utf8_unicode_ci DEFAULT NULL,
  `email_cc` varchar(255) COLLATE utf8_unicode_ci DEFAULT NULL,
  `email_bcc` varchar(255) COLLATE utf8_unicode_ci DEFAULT NULL,
  `ps_email` text COLLATE utf8_unicode_ci,
  `welcome_msg` text COLLATE utf8_unicode_ci,
  `ps_specials` varchar(255) COLLATE utf8_unicode_ci DEFAULT NULL,
  `uniq_ident` varchar(255) COLLATE utf8_unicode_ci DEFAULT NULL,
  `ps_send` date DEFAULT NULL,
  `created_at` datetime DEFAULT NULL,
  `updated_at` datetime DEFAULT NULL,
  `user_id` int(11) DEFAULT NULL,
  `welcome_signiture` varchar(255) COLLATE utf8_unicode_ci DEFAULT NULL,
  `subject` varchar(255) COLLATE utf8_unicode_ci DEFAULT NULL,
  PRIMARY KEY (`id`)
) ENGINE=InnoDB AUTO_INCREMENT=19 DEFAULT CHARSET=utf8 COLLATE=utf8_unicode_ci;
/*!40101 SET character_set_client = @saved_cs_client */;

--
-- Dumping data for table `private_sites`
--

LOCK TABLES `private_sites` WRITE;
/*!40000 ALTER TABLE `private_sites` DISABLE KEYS */;
INSERT INTO `private_sites` VALUES (1,'emily@co-opbranding.com','Emily','','','<p> TEST TEST </p>','<p> TO BE DETERMINED</p><h2>Sincerely, Pamela D\'Arc</h2>',NULL,'2a10dbt0oz5t9k24hxnqz2qolr153we','2014-09-15','2014-09-10 19:27:51','2014-09-15 19:54:14',1,NULL,NULL),(3,'emily@co-opbranding.com','Emily','','','<p> TO BE DETERMINED</p>','<p> TO BE DETERMINED</p><h2>Sincerely, Pamela D\'Arc</h2>',NULL,'2a10f4oeiefbgwtkuzof3moi17t1jjoohcf',NULL,'2014-09-15 19:50:06','2014-09-15 19:50:06',1,NULL,NULL),(4,'emily@co-opbranding.com','Emily','dallen@co-opbranding.com','','Thank you for your interest in 252. As promised, here is a link to your private website personalized for you.','<p>Welcome to your personal website featuring floor plans and residence information curated for you.</p><h2>Sincerely, Pamela D\'Arc</h2>',NULL,'2a10af1cekkeo401by43dzc9pzzo3a4a',NULL,'2014-09-24 13:53:53','2014-09-24 13:53:53',1,NULL,NULL),(5,'emily@co-opbranding.com','Emily','dallen@co-opbranding.com','','Thank you for your interest in 252. As promised, here is a link to your private website personalized for you.','<p>Welcome to your personal website featuring floor plans and residence information curated for you.</p><h2>Sincerely, Pamela D\'Arc</h2>',NULL,'2a10a53hvoxrqxxy8wsuow2wxwhe2i2ss2p','2014-09-24','2014-09-24 13:54:08','2014-09-24 13:54:13',1,NULL,NULL),(6,'emily@co-opbranding.com','Emily','dallen@co-opbranding.com','','Thank you for your interest in 252. As promised, here is a link to your private website personalized for you.','<p>Welcome to your personal website featuring floor plans and residence information curated for you.</p><h2>Sincerely, Pamela D\'Arc</h2>',NULL,'2a10lngi9lxnpy91ewurgfrpqzc3r9t2',NULL,'2014-09-24 14:14:00','2014-09-24 14:14:00',1,NULL,NULL),(7,'emily@co-opbranding.com','Emily','dallen@co-opbranding.com','','Thank you for your interest in 252. As promised, here is a link to your private website personalized for you.','<p>Welcome to your personal website featuring floor plans and residence information curated for you.</p><h2>Sincerely, Pamela D\'Arc</h2>',NULL,'2a10pyj95ddykovh1o1z5mbq0q0ofl7u','2014-10-08','2014-09-29 18:37:16','2014-10-08 06:54:53',3,NULL,NULL),(8,'emily@co-opbranding.com','Emily','dallen@co-opbranding.com','','Thank you for your interest in 252. As promised, here is a link to your private website personalized for you.','Welcome to your personal website featuring floor plans and residence information curated for you.',NULL,'2a10vme6o3husqfkr7zg1vwu60v0fsg',NULL,'2014-10-08 16:47:32','2014-10-08 16:47:32',1,'Sincerely, Pamela D\'Arc',NULL),(9,'emily@co-opbranding.com','Emily','dallen@co-opbranding.com','','Thank you for your interest in 252. As promised, here is a link to your private website personalized for you.','Welcome to your personal website featuring floor plans and residence information curated for you.',NULL,'2a105c1ic2m9a4u0ytyw897tdwi',NULL,'2014-10-08 16:49:53','2014-10-08 16:49:53',1,'Sincerely, Pamela D\'Arc',NULL),(10,'emily@co-opbranding.com','Emily','dallen@co-opbranding.com','','Thank you for your interest in 252. As promised, here is a link to your private website personalized for you.','Welcome to your personal website featuring floor plans and residence information curated for you.',NULL,'2a106m54jxeypka2dk9zf697pgvfit60vl1zntnm2bu',NULL,'2014-10-08 16:50:12','2014-10-08 16:50:12',1,'Sincerely, Pamela D\'Arc',NULL),(11,'emily@co-opbranding.com','Emily','dallen@co-opbranding.com','','Thank you for your interest in 252. As promised, here is a link to your private website personalized for you.','Welcome to your personal website featuring floor plans and residence information curated for you.',NULL,'2a10vtlyhltje3zabl1eglib6d0t2lhvl',NULL,'2014-10-08 16:50:29','2014-10-08 16:50:29',1,'Sincerely, Pamela D\'Arc',NULL),(12,'emily@co-opbranding.com','Emily','dallen@co-opbranding.com','','Thank you for your interest in 252. As promised, here is a link to your private website personalized for you.','Welcome to your personal website featuring floor plans and residence information curated for you.',NULL,'2a10nhdaeq65zolecj5ad8i3pdwibsse',NULL,'2014-10-08 16:50:49','2014-10-08 16:50:49',1,'Sincerely, Pamela D\'Arc',NULL),(13,'emily@co-opbranding.com','Emily','dallen@co-opbranding.com','','Thank you for your interest in 252. As promised, here is a link to your private website personalized for you.','Welcome to your personal website featuring floor plans and residence information curated for you.',NULL,'2a106704wwyjvt33h08xeabjmmetgmrh72',NULL,'2014-10-08 16:51:10','2014-10-08 16:51:10',1,'Sincerely, Pamela D\'Arc',NULL),(14,'emily@co-opbranding.com','Emily','','','TEST TEST',' TO BE DETERMINED',NULL,'2a10zol13ugqgnucvpbn8wism2fc18q',NULL,'2014-10-08 16:51:36','2014-10-08 16:51:36',1,'Sincerely, Pamela D\'Arc',NULL),(17,'celine@co-opbranding.com','Celine','','','Thank you for your interest in 252. As promised, here is a link to your private website personalized for you.','Welcome to your personal website featuring floor plans and residence information curated for you.',NULL,'2a10lcsgk87zbbmh9uxz8gqxzn0envliqft16k',NULL,'2014-10-13 00:44:57','2014-10-13 00:44:57',1,'Sincerely, Pamela D\'Arc',NULL),(18,'emily@co-opbranding.com','SteveRutter','','','Thank you for your interest in 252. As promised, here is a link to your private website personalized for you.','Welcome to your personal website featuring floor plans and residence information curated for you.',NULL,'SteveRutter181410',NULL,'2014-10-16 10:49:43','2014-10-16 10:49:43',1,'Sincerely, Pamela D\'Arc',NULL);
/*!40000 ALTER TABLE `private_sites` ENABLE KEYS */;
UNLOCK TABLES;

--
-- Table structure for table `private_videos`
--

DROP TABLE IF EXISTS `private_videos`;
/*!40101 SET @saved_cs_client     = @@character_set_client */;
/*!40101 SET character_set_client = utf8 */;
CREATE TABLE `private_videos` (
  `id` int(11) NOT NULL AUTO_INCREMENT,
  `title` varchar(255) COLLATE utf8_unicode_ci DEFAULT NULL,
  `url` varchar(255) COLLATE utf8_unicode_ci DEFAULT NULL,
  `update_section` tinyint(1) DEFAULT '0',
  `thumbnail_file_name` varchar(255) COLLATE utf8_unicode_ci DEFAULT NULL,
  `thumbnail_content_type` varchar(255) COLLATE utf8_unicode_ci DEFAULT NULL,
  `thumbnail_file_size` int(11) DEFAULT NULL,
  `thumbnail_updated_at` datetime DEFAULT NULL,
  `created_at` datetime DEFAULT NULL,
  `updated_at` datetime DEFAULT NULL,
  `published_date` date DEFAULT NULL,
  `heading` varchar(255) COLLATE utf8_unicode_ci DEFAULT NULL,
  PRIMARY KEY (`id`)
) ENGINE=InnoDB AUTO_INCREMENT=2 DEFAULT CHARSET=utf8 COLLATE=utf8_unicode_ci;
/*!40101 SET character_set_client = @saved_cs_client */;

--
-- Dumping data for table `private_videos`
--

LOCK TABLES `private_videos` WRITE;
/*!40000 ALTER TABLE `private_videos` DISABLE KEYS */;
INSERT INTO `private_videos` VALUES (1,'Brand Film','//player.vimeo.com/video/106985598',0,'Screen_Shot_2014-09-24_at_9.49.39_AM.png','image/png',83293,'2014-09-24 13:52:46','2014-09-24 13:52:47','2014-09-24 14:13:53','2014-09-24',NULL);
/*!40000 ALTER TABLE `private_videos` ENABLE KEYS */;
UNLOCK TABLES;

--
-- Table structure for table `public_users`
--

DROP TABLE IF EXISTS `public_users`;
/*!40101 SET @saved_cs_client     = @@character_set_client */;
/*!40101 SET character_set_client = utf8 */;
CREATE TABLE `public_users` (
  `id` int(11) NOT NULL AUTO_INCREMENT,
  `name` varchar(255) COLLATE utf8_unicode_ci DEFAULT NULL,
  `broker` tinyint(1) DEFAULT NULL,
  `phone` varchar(255) COLLATE utf8_unicode_ci DEFAULT NULL,
  `email` varchar(255) COLLATE utf8_unicode_ci DEFAULT NULL,
  `country` varchar(255) COLLATE utf8_unicode_ci DEFAULT NULL,
  `size` varchar(255) COLLATE utf8_unicode_ci DEFAULT NULL,
  `comment` text COLLATE utf8_unicode_ci,
  `created_at` datetime DEFAULT NULL,
  `updated_at` datetime DEFAULT NULL,
  PRIMARY KEY (`id`)
) ENGINE=InnoDB AUTO_INCREMENT=50 DEFAULT CHARSET=utf8 COLLATE=utf8_unicode_ci;
/*!40101 SET character_set_client = @saved_cs_client */;

--
-- Dumping data for table `public_users`
--

LOCK TABLES `public_users` WRITE;
/*!40000 ALTER TABLE `public_users` DISABLE KEYS */;
INSERT INTO `public_users` VALUES (1,'testtrdt',NULL,'','erfs@asdfasdfa.com','','','','2014-09-09 19:45:19','2014-09-09 19:45:19'),(2,'RyanLettier',0,'3122869827','lettierryan@gmail.com','USA','2','I live out of the city, can you please send me a brochure in the mail.  I can provide my address.','2014-09-10 20:18:54','2014-09-10 20:18:54'),(3,'ginareidinger',1,'','gina.reidinger@gmail.com','','3','','2014-09-10 21:34:53','2014-09-10 21:34:53'),(4,'IgorKlebanov',0,'9173595253','Igorklebanov@hotmail.com','USA','2','','2014-09-11 11:18:11','2014-09-11 11:18:11'),(5,'NandiniNathani',1,'','nnathani@halstead.com','','3','I would like to register my customer Viji Tyagrajan who is looking for a 3 bedroom on a high floor.  Also, please let me know the approximated completion time of the project.\r\nThank you.','2014-09-11 13:42:10','2014-09-11 13:42:10'),(6,'EmilyGreiff',NULL,'5082820231','emily@co-opbranding.com','United States','','testtest','2014-09-11 14:51:14','2014-09-11 14:51:14'),(7,'Tom Hochfelder',1,'2124212188','thomas.hochfelder@elliman.com','','','','2014-09-11 14:52:12','2014-09-11 14:52:12'),(8,'Neelam Katara',1,'2123502289','nkatara@elliman.com','','3','','2014-09-11 16:14:38','2014-09-11 16:14:38'),(9,'LindaReiner',1,'2124394538','Lreiner@warburgrealty.com','USA','2','2-3 Bedrooms. Any IDE when you\'ll stRt showing?  Thanks, Linda reinsr','2014-09-11 19:14:42','2014-09-11 19:14:42'),(10,'JerryHuang',1,'9179398652','jerry.huang@corcoran.com','','3','Hi, What are monthlies for a 3 bedroom? Thanks','2014-09-11 20:08:53','2014-09-11 20:08:53'),(11,'KellyElivo',1,'9173642168','kelivo@townrealestate.com','United States','','Are the fans in the kitchen vented outside of the building?','2014-09-11 20:26:30','2014-09-11 20:26:30'),(12,'TMeyers',NULL,'','timothy.p.meyers@gmail.com','','','','2014-09-11 20:32:53','2014-09-11 20:32:53'),(13,'RobinSchneiderman',1,'9178473700','Rschneiderman@halstead.com','USA','2','','2014-09-12 11:54:34','2014-09-12 11:54:34'),(14,'TamirShadian',1,'9177493600','tshadian@elliman.com','','','GM, \r\nI have a $5M client that might be interested to come over at 11AM today\r\n\r\nplease advise ','2014-09-12 13:56:26','2014-09-12 13:56:26'),(15,'TomerHillel',1,'6466710510','thillel@hillelrealtygroup.com','United States','','','2014-09-13 02:10:57','2014-09-13 02:10:57'),(16,'LauraHolson',0,'2039842390','laura.holson@gmail.com','United States','2','I\'m interesting in more information about the building and the 2 bedroom apartments.  Please contact.','2014-09-13 15:39:00','2014-09-13 15:39:00'),(17,'Maria Pogarskaya',1,'9176577679','maria@evansnyc.com','USA','3','hi, I wanted to bring my client to the sales gallery this Thursday, September 18 at 1 pm if possible. He is looking for 2-3 bedroom luxury apartments. Thank you very much in advance. \r\nMaria\r\n9176577679 ','2014-09-14 15:19:10','2014-09-14 15:19:10'),(18,'MICHAELKORETSKY',0,'6092091592','MKMAINMAN@AOL.COM','USA','2','CAN YOU PLEASE MAIL ME THE BROCHURE/FLOOR PLANS. ALSO WHAT IS THE TIME FRAME  ON START/COMPLETION.\r\nTHANKS\r\nMK','2014-09-15 02:21:23','2014-09-15 02:21:23'),(19,'TomCauthorn',1,'9176961558','tom.cauthorn@sothebyshomes.com','usa','3','Would like to receive availability and price list','2014-09-15 04:28:07','2014-09-15 04:28:07'),(20,'WandaSimmons',1,'9175234696','Wanda@spiregroupny.com','USA ','','','2014-09-15 13:02:20','2014-09-15 13:02:20'),(21,'DiegoPlaza',1,'2123508500','dplaza@elliman.com','','','','2014-09-15 18:10:33','2014-09-15 18:10:33'),(22,'DiegoPlaza',1,'2123508500','dplaza@elliman.com','Nassau','2','What are the starting prices for the 2 bedrooms? ','2014-09-15 18:11:26','2014-09-15 18:11:26'),(23,'MarkShapiro',0,'2018886805','Mark.shapiro@ehmc.com','USA','2','Interested in pricing of 2 bedroom','2014-09-17 02:01:23','2014-09-17 02:01:23'),(24,'MarkGLICK',0,'5167219897','MARK@THEBRASSCENTER.COM','USA','2','','2014-09-18 11:25:52','2014-09-18 11:25:52'),(25,'AnnaGiannotti',1,'5514045331','Annag@nestseekers.com','USA ','2','','2014-09-20 03:11:32','2014-09-20 03:11:32'),(26,'FeiLiu',1,'9172072247','feiliu9768@gmail.com','US','2','would like to view 2-3 bedrooms with my client for next week. ','2014-09-21 21:22:05','2014-09-21 21:22:05'),(27,'Steve Zhu',1,'9175698850','realtorstevezhu@gmail.com','','3','','2014-09-22 14:38:05','2014-09-22 14:38:05'),(28,'Paris Hampton',1,'9177335095','phampton@cbbellmarc.com','USA','2','','2014-09-22 18:01:57','2014-09-22 18:01:57'),(29,'YiannisSarafidis',1,'6462403207','isarafidis@citihabitats.com','United States','2','','2014-09-23 02:26:52','2014-09-23 02:26:52'),(30,'DAVIDANTHONY',1,'3475227258','DANTHONY@CORENYC.COM','US','','CORE','2014-09-25 19:21:49','2014-09-25 19:21:49'),(31,'SAHNYEWALDRUM',1,'9175733044','SAHNYE13@GMAIL.COM','United States','2','','2014-09-29 19:45:49','2014-09-29 19:45:49'),(32,'chandruramnani',1,'9174944476','chandru@rsnyrealty.com','','3','','2014-09-30 15:31:03','2014-09-30 15:31:03'),(33,'RyanLettier',0,'3122869827','Lettierryan@gmail.com','USA','2','Can you please send me a hard copy brochure to my address with floor plans.  I will review than and then plan a visit to NYC and sales gallery,  Thank you.  \r\n\r\nRyan Lettier\r\n922 NW 11th Ave. #204\r\nPortland OR, 97209','2014-10-01 01:36:59','2014-10-01 01:36:59'),(34,'PhilipBlair',NULL,'','philipblair1@aol.com','U.K','','Would you be so kind as to send to me by post,a complete brochure for 252 together with two contact business cards.Please could you confirm receipt of this message.\r\n\r\nThank you,\r\n\r\nPhilip Blair \r\n\r\n4 Henry Court \r\nStanmore Place\r\nStanmore \r\nMiddlesex \r\nLondon \r\nHA7 1FG\r\nU.K','2014-10-01 16:02:04','2014-10-01 16:02:04'),(35,'DeborahHope',1,'6466482256','dhope@essentialnewyork.com','USA','3','I have a customer very interested in purchasing and I would like to set up a presentation for him Monday, Oct. 6th between 10am and 4pm, if possible.  His name is Abdul Al-Rashed.','2014-10-03 21:14:21','2014-10-03 21:14:21'),(36,'mariannefriedman',NULL,'8454908565','mariannefriedmanwhh@gmail.com','','','interested in a one bedroom or studio','2014-10-06 02:00:11','2014-10-06 02:00:11'),(37,'Subhash K GuptaGUPTA',0,'9174004248','gupta.k.subhash@gmail.com','USA','2','Pls advise cost, maintenance and taxes. ','2014-10-06 15:21:01','2014-10-06 15:21:01'),(38,'TestTest',NULL,'','test@test.com','','','','2014-10-07 16:44:04','2014-10-07 16:44:04'),(39,'GraceMcCarthy',NULL,'','Gracemccarthy711@gmail.com','USA ','','','2014-10-07 17:58:04','2014-10-07 17:58:04'),(40,'Testtest',0,'6612060427','test@test.com','United States','2','test','2014-10-08 06:57:53','2014-10-08 06:57:53'),(41,'TestTest',0,'6612060427','test@test.com','United States','3','testing','2014-10-08 07:05:29','2014-10-08 07:05:29'),(42,'testtest',0,'1234567890','test@test.com','test','2','test','2014-10-08 07:43:46','2014-10-08 07:43:46'),(43,'JOESMITH',0,'','JSMITH@GMAIL.COM','','5','DANGEROUS SITE AND CONDITIONS.  SAW MAN DANGLING FROM CRANE IN MIDDLE OF 57T.  GOOD JOB.  MAYBE TRY MAKING YOUR SITE LESS DANGEROUS.','2014-10-09 18:47:39','2014-10-09 18:47:39'),(44,'MICHAELBRAUNSBERG',0,'7189672306','tradingplatformworlwide@yahoo.com','USA','4','Need office/condo','2014-10-12 04:34:59','2014-10-12 04:34:59'),(45,'CHRISTOSPANAGIOTOPOULOS',0,'9177639965','chrispan@pcdevelopment.gr','greece','3','\r\n','2014-10-13 06:46:01','2014-10-13 06:46:01'),(46,'ChristopherJones',0,'9174024001','yetis1@gmail.com','United States','3','','2014-10-14 15:25:43','2014-10-14 15:25:43'),(47,'MarielaStochetti',1,'6463006069','mstochetti@townrealestate.com','United States','2','Can you please send me the availability and the schedule of payments for the 2 bed options? Also the estimated completion date.\r\n\r\nThank you!\r\n\r\nRegards,\r\nMariela Stochetti','2014-10-16 18:27:05','2014-10-16 18:27:05'),(48,'SeemaAdvani',NULL,'9173717464','Sadvani@elliman.com','USA','','','2014-10-17 18:00:37','2014-10-17 18:00:37'),(49,'JudithDurham-Smith',1,'9178605486','Jdurham@stribling.com','NEW YORK','','Could you please send me the price list of what is available?','2014-10-19 23:16:08','2014-10-19 23:16:08');
/*!40000 ALTER TABLE `public_users` ENABLE KEYS */;
UNLOCK TABLES;

--
-- Table structure for table `schema_migrations`
--

DROP TABLE IF EXISTS `schema_migrations`;
/*!40101 SET @saved_cs_client     = @@character_set_client */;
/*!40101 SET character_set_client = utf8 */;
CREATE TABLE `schema_migrations` (
  `version` varchar(255) COLLATE utf8_unicode_ci NOT NULL,
  UNIQUE KEY `unique_schema_migrations` (`version`)
) ENGINE=InnoDB DEFAULT CHARSET=utf8 COLLATE=utf8_unicode_ci;
/*!40101 SET character_set_client = @saved_cs_client */;

--
-- Dumping data for table `schema_migrations`
--

LOCK TABLES `schema_migrations` WRITE;
/*!40000 ALTER TABLE `schema_migrations` DISABLE KEYS */;
INSERT INTO `schema_migrations` VALUES ('20140717183409'),('20140718181329'),('20140722142836'),('20140723191247'),('20140724132906'),('20140724174539'),('20140724175234'),('20140727191820'),('20140729174801'),('20140729175209'),('20140729204109'),('20140730145543'),('20140730163425'),('20140730183728'),('20140731205057'),('20140916181246'),('20140916185037'),('20140924181512'),('20140924192533');
/*!40000 ALTER TABLE `schema_migrations` ENABLE KEYS */;
UNLOCK TABLES;

--
-- Table structure for table `site_items`
--

DROP TABLE IF EXISTS `site_items`;
/*!40101 SET @saved_cs_client     = @@character_set_client */;
/*!40101 SET character_set_client = utf8 */;
CREATE TABLE `site_items` (
  `id` int(11) NOT NULL AUTO_INCREMENT,
  `private_site_id` int(11) DEFAULT NULL,
  `si_update` varchar(255) COLLATE utf8_unicode_ci DEFAULT NULL,
  `si_item_id` int(11) DEFAULT NULL,
  `si_item_type` varchar(255) COLLATE utf8_unicode_ci DEFAULT NULL,
  `created_at` datetime DEFAULT NULL,
  `updated_at` datetime DEFAULT NULL,
  `si_detail` tinyint(1) DEFAULT '0',
  PRIMARY KEY (`id`)
) ENGINE=InnoDB AUTO_INCREMENT=64 DEFAULT CHARSET=utf8 COLLATE=utf8_unicode_ci;
/*!40101 SET character_set_client = @saved_cs_client */;

--
-- Dumping data for table `site_items`
--

LOCK TABLES `site_items` WRITE;
/*!40000 ALTER TABLE `site_items` DISABLE KEYS */;
INSERT INTO `site_items` VALUES (1,1,NULL,76,'FloorPlan','2014-09-10 19:27:51','2014-09-10 19:27:51',0),(2,1,NULL,77,'FloorPlan','2014-09-10 19:27:51','2014-09-10 19:27:51',0),(3,1,NULL,78,'FloorPlan','2014-09-10 19:27:51','2014-09-10 19:27:51',0),(4,1,NULL,79,'FloorPlan','2014-09-10 19:27:51','2014-09-10 19:27:51',0),(5,1,NULL,80,'FloorPlan','2014-09-10 19:27:51','2014-09-10 19:27:51',0),(7,3,NULL,76,'FloorPlan','2014-09-15 19:50:07','2014-09-15 19:50:07',0),(8,3,NULL,81,'FloorPlan','2014-09-15 19:50:07','2014-09-15 19:50:07',0),(9,3,NULL,86,'FloorPlan','2014-09-15 19:50:07','2014-09-15 19:50:07',0),(10,4,NULL,1,'PrivateVideo','2014-09-24 13:53:54','2014-09-24 13:53:54',0),(11,5,NULL,77,'FloorPlan','2014-09-24 13:54:08','2014-09-24 13:54:08',0),(12,5,NULL,79,'FloorPlan','2014-09-24 13:54:08','2014-09-24 13:54:08',0),(13,5,NULL,80,'FloorPlan','2014-09-24 13:54:08','2014-09-24 13:54:08',0),(14,5,NULL,1,'PrivateVideo','2014-09-24 13:54:08','2014-09-24 13:54:08',0),(15,6,NULL,77,'FloorPlan','2014-09-24 14:14:01','2014-09-24 14:14:01',0),(16,6,NULL,79,'FloorPlan','2014-09-24 14:14:01','2014-09-24 14:14:01',0),(17,6,NULL,80,'FloorPlan','2014-09-24 14:14:01','2014-09-24 14:14:01',0),(18,6,NULL,1,'PrivateVideo','2014-09-24 14:14:01','2014-09-24 14:14:01',0),(19,7,NULL,77,'FloorPlan','2014-09-29 18:37:16','2014-09-29 18:37:16',0),(20,7,NULL,79,'FloorPlan','2014-09-29 18:37:16','2014-09-29 18:37:16',0),(21,7,NULL,80,'FloorPlan','2014-09-29 18:37:16','2014-09-29 18:37:16',0),(22,7,NULL,1,'PrivateVideo','2014-09-29 18:37:16','2014-09-29 18:37:16',0),(23,8,NULL,77,'FloorPlan','2014-10-08 16:47:32','2014-10-08 16:47:32',0),(24,8,NULL,79,'FloorPlan','2014-10-08 16:47:32','2014-10-08 16:47:32',0),(25,8,NULL,80,'FloorPlan','2014-10-08 16:47:32','2014-10-08 16:47:32',0),(26,8,NULL,1,'PrivateVideo','2014-10-08 16:47:32','2014-10-08 16:47:32',0),(27,9,NULL,77,'FloorPlan','2014-10-08 16:49:53','2014-10-08 16:49:53',0),(28,9,NULL,79,'FloorPlan','2014-10-08 16:49:53','2014-10-08 16:49:53',0),(29,9,NULL,80,'FloorPlan','2014-10-08 16:49:53','2014-10-08 16:49:53',0),(30,9,NULL,1,'PrivateVideo','2014-10-08 16:49:53','2014-10-08 16:49:53',0),(31,10,NULL,77,'FloorPlan','2014-10-08 16:50:12','2014-10-08 16:50:12',0),(32,10,NULL,79,'FloorPlan','2014-10-08 16:50:12','2014-10-08 16:50:12',0),(33,10,NULL,80,'FloorPlan','2014-10-08 16:50:12','2014-10-08 16:50:12',0),(34,10,NULL,1,'PrivateVideo','2014-10-08 16:50:12','2014-10-08 16:50:12',0),(35,11,NULL,77,'FloorPlan','2014-10-08 16:50:29','2014-10-08 16:50:29',0),(36,11,NULL,79,'FloorPlan','2014-10-08 16:50:29','2014-10-08 16:50:29',0),(37,11,NULL,80,'FloorPlan','2014-10-08 16:50:29','2014-10-08 16:50:29',0),(38,11,NULL,1,'PrivateVideo','2014-10-08 16:50:29','2014-10-08 16:50:29',0),(39,12,NULL,77,'FloorPlan','2014-10-08 16:50:49','2014-10-08 16:50:49',0),(40,12,NULL,79,'FloorPlan','2014-10-08 16:50:49','2014-10-08 16:50:49',0),(41,12,NULL,80,'FloorPlan','2014-10-08 16:50:49','2014-10-08 16:50:49',0),(42,12,NULL,1,'PrivateVideo','2014-10-08 16:50:49','2014-10-08 16:50:49',0),(43,13,NULL,77,'FloorPlan','2014-10-08 16:51:10','2014-10-08 16:51:10',0),(44,13,NULL,79,'FloorPlan','2014-10-08 16:51:10','2014-10-08 16:51:10',0),(45,13,NULL,80,'FloorPlan','2014-10-08 16:51:10','2014-10-08 16:51:10',0),(46,13,NULL,1,'PrivateVideo','2014-10-08 16:51:10','2014-10-08 16:51:10',0),(47,14,NULL,76,'FloorPlan','2014-10-08 16:51:36','2014-10-08 16:51:36',0),(48,14,NULL,77,'FloorPlan','2014-10-08 16:51:36','2014-10-08 16:51:36',0),(49,14,NULL,78,'FloorPlan','2014-10-08 16:51:36','2014-10-08 16:51:36',0),(50,14,NULL,79,'FloorPlan','2014-10-08 16:51:36','2014-10-08 16:51:36',0),(51,14,NULL,80,'FloorPlan','2014-10-08 16:51:36','2014-10-08 16:51:36',0),(54,17,NULL,83,'FloorPlan','2014-10-13 00:44:57','2014-10-13 00:44:57',0),(55,17,NULL,86,'FloorPlan','2014-10-13 00:44:57','2014-10-13 00:44:57',0),(56,17,NULL,1,'PrivateVideo','2014-10-13 00:44:57','2014-10-13 00:44:57',0),(57,18,NULL,76,'FloorPlan','2014-10-16 10:49:43','2014-10-16 10:49:43',0),(58,18,NULL,77,'FloorPlan','2014-10-16 10:49:43','2014-10-16 10:49:43',0),(59,18,NULL,79,'FloorPlan','2014-10-16 10:49:43','2014-10-16 10:49:43',0),(60,18,NULL,80,'FloorPlan','2014-10-16 10:49:43','2014-10-16 10:49:43',0),(61,18,NULL,83,'FloorPlan','2014-10-16 10:49:43','2014-10-16 10:49:43',0),(62,18,NULL,87,'FloorPlan','2014-10-16 10:49:43','2014-10-16 10:49:43',0),(63,18,NULL,1,'PrivateVideo','2014-10-16 10:49:43','2014-10-16 10:49:43',0);
/*!40000 ALTER TABLE `site_items` ENABLE KEYS */;
UNLOCK TABLES;

--
-- Table structure for table `users`
--

DROP TABLE IF EXISTS `users`;
/*!40101 SET @saved_cs_client     = @@character_set_client */;
/*!40101 SET character_set_client = utf8 */;
CREATE TABLE `users` (
  `id` int(11) NOT NULL AUTO_INCREMENT,
  `type` varchar(255) COLLATE utf8_unicode_ci DEFAULT NULL,
  `email` varchar(255) COLLATE utf8_unicode_ci NOT NULL DEFAULT '',
  `encrypted_password` varchar(255) COLLATE utf8_unicode_ci NOT NULL DEFAULT '',
  `reset_password_token` varchar(255) COLLATE utf8_unicode_ci DEFAULT NULL,
  `reset_password_sent_at` datetime DEFAULT NULL,
  `remember_created_at` datetime DEFAULT NULL,
  `sign_in_count` int(11) NOT NULL DEFAULT '0',
  `current_sign_in_at` datetime DEFAULT NULL,
  `last_sign_in_at` datetime DEFAULT NULL,
  `current_sign_in_ip` varchar(255) COLLATE utf8_unicode_ci DEFAULT NULL,
  `last_sign_in_ip` varchar(255) COLLATE utf8_unicode_ci DEFAULT NULL,
  `created_at` datetime DEFAULT NULL,
  `updated_at` datetime DEFAULT NULL,
  PRIMARY KEY (`id`),
  UNIQUE KEY `index_users_on_email` (`email`),
  UNIQUE KEY `index_users_on_reset_password_token` (`reset_password_token`)
) ENGINE=InnoDB AUTO_INCREMENT=11 DEFAULT CHARSET=utf8 COLLATE=utf8_unicode_ci;
/*!40101 SET character_set_client = @saved_cs_client */;

--
-- Dumping data for table `users`
--

LOCK TABLES `users` WRITE;
/*!40000 ALTER TABLE `users` DISABLE KEYS */;
INSERT INTO `users` VALUES (1,'Admin','co-op@252e57.com','$2a$10$RmIaIBjjAqN2x9H5.s0u4.es9aGdssWF2PRutki79XHSO39RatnRu',NULL,NULL,NULL,17,'2014-10-18 06:21:54','2014-10-15 16:40:05','27.97.196.190','38.66.128.50','2014-08-29 18:23:55','2014-10-18 06:21:54'),(2,'Admin','softgravity@252e57.com','$2a$10$E9VHZlE9xifREhH2Er.Pe.CVesEqDpRiYCt1BcJ.4Cnl/eBY9jOLe',NULL,NULL,'2014-09-09 21:43:02',8,'2014-10-08 05:46:13','2014-09-22 13:33:06','175.101.129.44','66.207.215.154','2014-08-29 18:23:55','2014-10-08 05:46:13'),(3,'Admin','info@252e57.com','$2a$10$TGA1HY5ppEe5ODFOuS.WfexSfr9hy6zm6OTye47NFf/J2FehwmbeK',NULL,NULL,'2014-10-01 16:18:00',43,'2014-10-17 15:50:46','2014-10-16 19:07:59','71.190.137.11','71.190.137.11','2014-08-29 18:23:56','2014-10-17 15:50:46'),(4,'Broker','pamela@252e57.com','$2a$10$5Y8ct3X9j3X4osOC31KD3OLdnTumc8xfKyNSxtawmzXCEX5Yq9nsS',NULL,NULL,NULL,1,'2014-10-08 05:19:44','2014-10-08 05:19:44','175.101.129.44','175.101.129.44','2014-08-29 18:23:56','2014-10-08 05:19:44'),(5,'Broker','patricia@252e57.com','$2a$10$J6KvwxXQ9acCMusFRLg/fOTa/J3KU58iSlt52UCrhcOq0OewFLani',NULL,NULL,NULL,0,NULL,NULL,NULL,NULL,'2014-08-29 18:23:56','2014-08-29 18:23:56'),(6,'Broker','elizabeth@252e57.com','$2a$10$oB6I4akOgrCh8XhlyZvvUuLyjya55skJgkWHQ0r3DTejTsUd32fbm',NULL,NULL,NULL,0,NULL,NULL,NULL,NULL,'2014-08-29 18:23:56','2014-08-29 18:23:56'),(7,'Broker','gregory@252e57.com','$2a$10$6rKLxAvY85AwbIjh.KeiDOvo.Tf17H88P5gtNg2M4vL6HJv8PYaKe',NULL,NULL,NULL,0,NULL,NULL,NULL,NULL,'2014-08-29 18:23:57','2014-08-29 18:23:57'),(8,'Broker','steve@252e57.com','$2a$10$wJf2BR0Z.iaW.dD4MSwLp.2.nNo93WoR13Htuxa9zqckOP.SOUt9a',NULL,NULL,NULL,0,NULL,NULL,NULL,NULL,'2014-08-29 18:23:57','2014-08-29 18:23:57'),(9,'Broker','meg@252e57.com','$2a$10$cHBKtk0cunO1LRWjdYnTvOyrYpdlOnkCh5gOIv5p5O/Y5pgyEWzYC',NULL,NULL,NULL,0,NULL,NULL,NULL,NULL,'2014-08-29 18:23:57','2014-08-29 18:23:57');
/*!40000 ALTER TABLE `users` ENABLE KEYS */;
UNLOCK TABLES;

--
-- Table structure for table `video_sections`
--

DROP TABLE IF EXISTS `video_sections`;
/*!40101 SET @saved_cs_client     = @@character_set_client */;
/*!40101 SET character_set_client = utf8 */;
CREATE TABLE `video_sections` (
  `id` int(11) NOT NULL AUTO_INCREMENT,
  `section` varchar(255) COLLATE utf8_unicode_ci DEFAULT NULL,
  `title` varchar(255) COLLATE utf8_unicode_ci DEFAULT NULL,
  `body` text COLLATE utf8_unicode_ci,
  `created_at` datetime DEFAULT NULL,
  `updated_at` datetime DEFAULT NULL,
  `section_type` varchar(255) COLLATE utf8_unicode_ci DEFAULT NULL,
  PRIMARY KEY (`id`)
) ENGINE=InnoDB AUTO_INCREMENT=7 DEFAULT CHARSET=utf8 COLLATE=utf8_unicode_ci;
/*!40101 SET character_set_client = @saved_cs_client */;

--
-- Dumping data for table `video_sections`
--

LOCK TABLES `video_sections` WRITE;
/*!40000 ALTER TABLE `video_sections` DISABLE KEYS */;
INSERT INTO `video_sections` VALUES (1,'Design Architect','Skidmore, Owings & Merrill','<p>A leading international architecture, urban design and planning, engineering, and interior architecture firm, Skidmore, Owings & Merrill LLP (SOM) is recognized for excellence and innovation that enhance the quality of the built environment. The firm’s long-established history of globally recognized icons such the Burj Khalifa in Dubai, as well as transformative New York City projects such as Lever House, the new One World Trade Center and Time Warner Center, underscore its reputation for exceptional design and creativity.  By analyzing clients’ goals and synthesizing design and technical coordination, the firm creates spaces that are cutting-edge, distinctive, and functional.</p><p>SOM was twice named AIA Firm of the Year and its projects have won over 1,700 awards, including five AIA 25-year Awards.</p>','2014-07-28 20:29:49','2014-10-18 09:57:47','designteam'),(2,'Interior Architect','Daniel Romualdez','<p>Architect and designer Daniel Romualdez is globally renowned within an elite group of tastemakers and business leaders for the creation of exquisitely sophisticated interiors. After coming to the United States to study at Yale and Columbia University, Romualdez worked for architectural luminaries Thierry Despont and Robert A.M. Stern before establishing his own eponymous firm in Manhattan in 1993. Called “a connoisseur with tremendous range” by architecture critic Paul Goldberger of The New Yorker, Romualdez is known for interior design that deftly juxtaposes humble and fine materials, elegantly integrating classical style with modern influences. Named to Architectural Digest’s prestigious AD100 list, Romualdez has also been profiled by leading international publications including Vogue, The Wall Street Journal, and Departures.</p>','2014-07-28 20:29:50','2014-10-18 09:57:52','designteam'),(3,'Architect of Record','SLCE','<p>Founded in New York City in 1941, SLCE Architects, LLP is one of the most prolific firms in the metropolitan area and enjoys a growing presence nationally. As Architect of Record, SLCE has collaborated with many internationally renowned design including Atelier Jean Nouvel, Norman Foster & Partners, Robert A.M. Stern Architects, Renzo Piano Workshop, Herzog de Meuron Architects, Skidmore Owings & Merrill, and Santiago Calatrava Arquitecto. SLCE’s New York City luxury condominium projects include 15 Central Park West, Beacon Court, 10 UN Plaza, 255 East 74th Street and The Milan.</p>','2014-07-28 20:29:50','2014-10-18 09:57:58','designteam'),(4,'Sustainable Engineer','WSP','<p>Founded in 1969, WSP is the mechanical engineering business of WSP, one of the world’s leading engineering and design consultancies with more than 300 offices, across 30 countries. The firm provides sustainable consulting in the built and natural environment across a wide range of market sectors, including residential, retail, hotels and resorts, and cultural institutions, among many others. WSP, which specializes in the residential sector, offers multi-disciplinary expertise in all areas of planning, from design and construction to building engineering and environmental consultancy for large and complex projects. High-profile properties the firm has consulted for in New York City include New York by Gehry, The Plaza Hotel & Residences, Time Warner Center, Trump Tower, Trump International Hotel & Tower, MoMA Tower, and 15 Central Park West.</p>','2014-07-28 20:29:50','2014-10-18 09:58:02','designteam'),(5,'','World Wide Group','<p>World Wide Group is a Manhattan based developer of luxury residential properties. Since the 1970s, World Wide has developed over $7 billion of condominium and multifamily homes. World Wide’s properties are widely known for exceptional aesthetic integrity, incorporating thoughtful design, functionality, and sustainability.</p><p>A sixty year old private partnership led by Victor Elmaleh and Jim Stanton, World Wide Group is proud to be the steward of its long-standing reputation for quality and innovation.</p><p>To learn more about World Wide, please visit our corporate website at <a href=\"http://wwgny.com/\" target=\"_blank\">WWGNY.COM</a>.</p>',NULL,NULL,'developteam'),(6,'','Rose Associates','<p>Based in New York, Rose Associates is a developer, owner, and operator of prominent residential properties. The firm focuses on creating enduring, long-term relationships, making decisions based on years of successful ownership experience. Rose’s emphasis on creating capital value has been the foundation of lasting associations with prominent financial institutions and real estate investors.</p><p>As an equity partner, Rose offers full-service pre-development and development responsibility from the initial concept to the last finishing detail. The firm leverages skills in finance, planning, construction, project administration, marketing, and property management with the talents of innovative designers, consultants, and planners. Rose oversees more than 26,000 units across New York, with approximately $2 billion in projects under development.</p>',NULL,NULL,'developteam');
/*!40000 ALTER TABLE `video_sections` ENABLE KEYS */;
UNLOCK TABLES;
/*!40103 SET TIME_ZONE=@OLD_TIME_ZONE */;

/*!40101 SET SQL_MODE=@OLD_SQL_MODE */;
/*!40014 SET FOREIGN_KEY_CHECKS=@OLD_FOREIGN_KEY_CHECKS */;
/*!40014 SET UNIQUE_CHECKS=@OLD_UNIQUE_CHECKS */;
/*!40101 SET CHARACTER_SET_CLIENT=@OLD_CHARACTER_SET_CLIENT */;
/*!40101 SET CHARACTER_SET_RESULTS=@OLD_CHARACTER_SET_RESULTS */;
/*!40101 SET COLLATION_CONNECTION=@OLD_COLLATION_CONNECTION */;
/*!40111 SET SQL_NOTES=@OLD_SQL_NOTES */;

-- Dump completed on 2014-10-20  7:01:59
